ï»¿VendorID,tpep_pickup_datetime,tpep_dropoff_datetime,passenger_count,trip_distance,RatecodeID,store_and_fwd_flag,PULocationID,DOLocationID,payment_type,fare_amount,extra,mta_tax,tip_amount,tolls_amount,improvement_surcharge,total_amount
1,2017-01-01 09:13:16,2017-01-01 09:28:56,1,6.10,1,N,24,235,2,20,0,0.5,0,0,0.3,20.8
2,2017-01-01 10:42:02,2017-01-01 11:00:56,5,10.21,1,N,138,79,2,29,0,0.5,0,0,0.3,29.8
1,2017-01-01 11:42:28,2017-01-01 11:51:05,3,.90,1,N,142,230,2,7.5,0,0.5,0,0,0.3,8.3
1,2017-01-01 12:33:17,2017-01-01 12:35:02,1,.00,1,N,186,186,3,3,0,0.5,0,0,0.3,3.8
2,2017-01-01 13:21:12,2017-01-01 13:31:51,1,1.50,1,N,163,100,2,8.5,0,0.5,0,0,0.3,9.3
2,2017-01-01 14:08:56,2017-01-01 14:29:45,1,3.31,1,N,43,68,2,14.5,0,0.5,0,0,0.3,15.3
2,2017-01-01 14:55:35,2017-01-01 15:25:34,1,10.16,1,N,138,260,2,31,0,0.5,0,5.54,0.3,37.34
1,2017-01-01 15:41:43,2017-01-01 15:57:06,1,3.20,1,N,43,68,2,13.5,0,0.5,0,0,0.3,14.3
2,2017-01-01 17:07:42,2017-01-01 17:28:35,1,5.47,1,N,237,13,2,19.5,0,0.5,0,0,0.3,20.3
2,2017-01-01 16:29:29,2017-01-01 16:34:53,1,1.61,1,N,238,166,2,7,0,0.5,0,0,0.3,7.8
2,2017-01-01 01:27:18,2017-01-01 01:45:16,1,2.86,1,N,43,107,2,13,0.5,0.5,0,0,0.3,14.3
1,2017-01-01 01:53:48,2017-01-01 02:08:01,1,1.00,1,N,186,230,1,9.5,0.5,0.5,2.15,0,0.3,12.95
1,2017-01-01 02:20:54,2017-01-01 02:33:47,3,3.70,1,N,164,263,1,13,0.5,0.5,2.85,0,0.3,17.15
2,2017-01-01 02:48:57,2017-01-01 02:52:39,1,.72,1,N,186,164,1,5,0.5,0.5,1.26,0,0.3,7.56
2,2017-01-01 03:19:38,2017-01-01 03:44:10,6,4.56,1,N,239,74,1,19,0.5,0.5,0,0,0.3,20.3
1,2017-01-01 03:53:52,2017-01-01 04:12:33,2,3.90,1,N,148,50,2,16,0.5,0.5,0,0,0.3,17.3
2,2017-01-01 04:33:01,2017-01-01 04:52:43,1,4.59,1,N,113,37,1,18,0.5,0.5,3.86,0,0.3,23.16
1,2017-01-01 05:47:30,2017-01-01 06:10:31,1,8.30,1,N,36,50,2,26,0.5,0.5,0,5.54,0.3,32.84
1,2017-01-01 00:20:41,2017-01-01 00:25:49,1,.90,1,N,262,236,2,5.5,0.5,0.5,0,0,0.3,6.8
2,2017-01-01 00:46:31,2017-01-01 00:55:48,1,.53,1,N,164,186,1,7,0.5,0.5,1.66,0,0.3,9.96
2,2017-01-01 01:11:04,2017-01-01 01:18:32,5,2.44,1,N,151,74,1,9,0.5,0.5,2.58,0,0.3,12.88
1,2017-01-14 17:51:27,2017-01-14 17:55:26,1,.70,1,N,237,141,1,4.5,0,0.5,1.05,0,0.3,6.35
2,2017-01-14 18:21:14,2017-01-14 18:36:54,1,2.59,1,N,246,234,2,12,0,0.5,0,0,0.3,12.8
2,2017-01-14 18:50:47,2017-01-14 19:03:29,4,1.93,1,N,239,236,1,10.5,0,0.5,2.82,0,0.3,14.12
2,2017-01-14 19:20:40,2017-01-14 19:34:04,1,1.35,1,N,170,48,2,9.5,0,0.5,0,0,0.3,10.3
2,2017-01-14 19:51:11,2017-01-14 20:05:34,1,1.12,1,N,79,148,1,10,0,0.5,2.16,0,0.3,12.96
2,2017-01-14 20:26:34,2017-01-14 20:33:28,1,1.40,1,N,48,142,1,7,0.5,0.5,1.66,0,0.3,9.96
1,2017-01-14 21:04:54,2017-01-14 21:16:52,1,1.30,1,N,233,43,1,9,0.5,0.5,4,0,0.3,14.3
1,2017-01-14 21:43:41,2017-01-14 21:51:46,1,1.10,1,N,161,229,2,7,0.5,0.5,0,0,0.3,8.3
1,2017-01-14 22:17:42,2017-01-14 22:30:02,1,3.40,1,N,226,263,1,12.5,0.5,0.5,2.75,0,0.3,16.55
2,2017-01-14 22:51:58,2017-01-14 23:16:22,1,4.55,1,N,113,75,1,19.5,0.5,0.5,4.16,0,0.3,24.96
2,2017-01-14 23:25:41,2017-01-14 23:46:49,1,2.52,1,N,164,144,2,14.5,0.5,0.5,0,0,0.3,15.8
2,2017-01-14 23:57:54,2017-01-15 00:15:48,1,3.13,1,N,148,186,1,14,0.5,0.5,2,0,0.3,17.3
1,2017-01-15 00:32:36,2017-01-15 00:35:30,1,.90,1,N,230,48,2,5,0.5,0.5,0,0,0.3,6.3
2,2017-01-15 01:09:11,2017-01-15 01:09:16,1,.00,5,N,264,48,1,59,0,0,5,0,0.3,64.3
1,2017-01-15 01:48:30,2017-01-15 01:58:36,1,1.70,1,N,144,107,2,8.5,0.5,0.5,0,0,0.3,9.8
2,2017-01-15 02:31:33,2017-01-15 02:33:06,1,.09,1,N,79,79,2,3,0.5,0.5,0,0,0.3,4.3
2,2017-01-15 03:22:07,2017-01-15 03:37:39,6,4.56,1,N,125,141,1,15.5,0.5,0.5,3.36,0,0.3,20.16
2,2017-01-15 04:30:06,2017-01-15 04:34:38,3,1.24,1,N,79,224,1,6,0.5,0.5,1,0,0.3,8.3
2,2017-01-15 07:29:01,2017-01-15 07:31:47,1,.60,1,N,263,262,2,4,0,0.5,0,0,0.3,4.8
1,2017-01-15 09:01:01,2017-01-15 09:05:56,1,.70,1,N,50,100,1,5.5,0,0.5,1.25,0,0.3,7.55
2,2017-01-15 10:01:57,2017-01-15 10:07:28,6,1.00,1,N,237,163,1,6,0,0.5,0.72,0,0.3,7.52
1,2017-01-15 10:48:59,2017-01-15 11:04:41,1,6.30,1,N,264,264,1,20.5,0,0.5,4,0,0.3,25.3
1,2017-01-15 11:30:16,2017-01-15 11:42:14,1,1.60,1,N,48,164,2,9,0,0.5,0,0,0.3,9.8
1,2017-01-15 12:08:37,2017-01-15 12:20:08,2,2.70,1,N,164,236,1,11,0,0.5,2.35,0,0.3,14.15
1,2017-01-15 12:46:17,2017-01-15 12:47:21,1,.40,1,N,237,236,2,3.5,0,0.5,0,0,0.3,4.3
2,2017-01-15 13:21:32,2017-01-15 13:29:59,1,1.21,1,N,186,107,1,7.5,0,0.5,1.66,0,0.3,9.96
2,2017-01-15 13:57:18,2017-01-15 14:07:19,1,1.03,1,N,79,114,1,8,0,0.5,2,0,0.3,10.8
2,2017-01-15 14:33:36,2017-01-15 14:50:35,1,2.86,1,N,236,48,2,13,0,0.5,0,0,0.3,13.8
2,2017-01-15 15:08:43,2017-01-15 15:14:27,1,1.07,1,N,238,143,2,6,0,0.5,0,0,0.3,6.8
2,2017-01-15 15:42:52,2017-01-15 16:04:29,1,7.44,1,N,138,80,1,23.5,0,0.5,5.7,0,0.3,30
2,2017-01-15 16:15:57,2017-01-15 16:18:36,2,.78,1,N,137,107,1,4.5,0,0.5,1.06,0,0.3,6.36
1,2017-01-15 16:50:04,2017-01-15 17:10:34,1,6.20,1,N,88,161,1,20,1,0.5,4.35,0,0.3,26.15
2,2017-01-15 17:24:46,2017-01-15 17:39:58,1,2.00,1,N,237,142,1,11.5,0,0.5,3.08,0,0.3,15.38
2,2017-01-15 17:59:32,2017-01-15 18:09:01,1,1.74,1,N,142,246,2,8.5,0,0.5,0,0,0.3,9.3
2,2017-01-15 18:33:38,2017-01-15 18:56:04,2,4.61,1,N,143,145,1,19,0,0.5,3.96,0,0.3,23.76
2,2017-01-15 19:08:05,2017-01-15 19:24:54,1,2.86,1,N,234,232,2,13.5,0,0.5,0,0,0.3,14.3
2,2017-01-15 19:48:05,2017-01-15 19:50:31,2,.48,1,N,141,141,1,4,0,0.5,0.96,0,0.3,5.76
1,2017-01-15 20:26:16,2017-01-15 20:31:55,2,1.40,1,N,141,262,1,6.5,0.5,0.5,1.55,0,0.3,9.35
1,2017-01-15 21:07:16,2017-01-15 21:18:50,1,1.40,1,N,158,125,1,9,0.5,0.5,2.55,0,0.3,12.85
2,2017-01-15 21:48:37,2017-01-15 21:52:11,5,.69,1,N,83,82,1,4.5,0.5,0.5,1.74,0,0.3,7.54
2,2017-01-15 22:30:10,2017-01-15 22:36:03,1,1.28,1,N,164,233,1,6,0.5,0.5,1.1,0,0.3,8.4
1,2017-01-15 23:18:38,2017-01-15 23:23:03,1,.90,1,N,79,79,1,5,0.5,0.5,1,0,0.3,7.3
2,2017-01-01 17:46:14,2017-01-01 18:28:41,1,21.28,2,N,132,239,1,52,0,0.5,14.58,5.54,0.3,72.92
2,2017-01-01 18:33:14,2017-01-01 18:42:22,1,1.43,1,N,90,233,1,8,0,0.5,1,0,0.3,9.8
2,2017-01-01 19:21:33,2017-01-01 19:48:33,1,5.62,1,N,107,61,1,22,0,0.5,4.56,0,0.3,27.36
1,2017-01-01 20:11:37,2017-01-01 20:19:26,1,1.60,1,N,144,224,1,8,0.5,0.5,1.85,0,0.3,11.15
1,2017-01-01 21:08:26,2017-01-01 21:29:50,2,8.80,1,N,249,129,1,26,0.5,0.5,6.55,5.54,0.3,39.39
1,2017-01-01 22:06:15,2017-01-01 22:09:27,1,.70,1,N,263,263,1,4.5,0.5,0.5,1.15,0,0.3,6.95
2,2017-01-01 23:10:25,2017-01-01 23:25:16,1,1.40,1,N,229,230,1,10.5,0.5,0.5,2.36,0,0.3,14.16
1,2017-01-22 01:29:36,2017-01-22 01:39:27,1,2.00,1,N,249,87,1,9,0.5,0.5,2.05,0,0.3,12.35
2,2017-01-16 15:45:19,2017-01-16 15:50:14,1,.90,1,N,144,113,1,5.5,0,0.5,1.26,0,0.3,7.56
1,2017-01-16 16:22:07,2017-01-16 16:31:44,1,1.10,1,N,162,140,1,8,0,0.5,2.6,0,0.3,11.4
2,2017-01-16 17:00:42,2017-01-16 17:05:03,2,1.05,1,N,140,263,1,5.5,0,0.5,0.02,0,0.3,6.32
2,2017-01-16 17:36:48,2017-01-16 17:49:48,1,2.75,1,N,141,238,1,11.5,0,0.5,2.46,0,0.3,14.76
2,2017-01-16 18:11:13,2017-01-16 18:30:49,1,5.33,1,N,261,230,1,19,0,0.5,3.96,0,0.3,23.76
1,2017-01-16 18:44:34,2017-01-16 19:12:40,2,10.00,1,N,79,89,1,31.5,0,0.5,6.45,0,0.3,38.75
2,2017-01-16 19:19:12,2017-01-16 19:21:47,1,.38,1,N,164,234,1,4,0,0.5,0.7,0,0.3,5.5
2,2017-01-16 19:57:40,2017-01-16 20:11:14,1,2.46,1,N,113,229,1,11.5,0,0.5,1.84,0,0.3,14.14
2,2017-01-16 20:41:49,2017-01-16 21:15:55,4,19.36,2,N,132,209,1,52,0,0.5,0,0,0.3,52.8
1,2017-01-16 21:28:27,2017-01-16 21:33:37,1,1.20,1,N,125,261,1,6,0.5,0.5,1,0,0.3,8.3
2,2017-01-16 22:16:30,2017-01-16 22:25:09,1,1.92,1,N,144,170,1,9,0.5,0.5,1,0,0.3,11.3
2,2017-01-16 23:15:08,2017-01-16 23:34:34,2,8.39,1,N,107,116,1,25.5,0.5,0.5,5.36,0,0.3,32.16
2,2017-01-17 00:56:52,2017-01-17 01:09:08,6,2.96,1,N,142,41,1,12.5,0.5,0.5,1,0,0.3,14.8
1,2017-01-17 05:40:28,2017-01-17 05:41:41,1,.40,1,N,140,140,1,3.5,0.5,0.5,1.2,0,0.3,6
2,2017-01-17 06:54:57,2017-01-17 06:56:20,2,.31,1,N,186,186,2,3.5,0,0.5,0,0,0.3,4.3
2,2017-01-17 07:35:38,2017-01-17 07:55:06,2,2.23,1,N,163,75,1,13.5,0,0.5,3.58,0,0.3,17.88
2,2017-01-17 08:07:21,2017-01-17 09:28:05,1,21.15,2,N,132,211,1,52,0,0.5,13.2,0,0.3,66
1,2017-01-17 08:38:27,2017-01-17 08:55:16,1,1.00,1,N,230,246,1,11,0,0.5,3.5,0,0.3,15.3
1,2017-01-17 09:08:51,2017-01-17 09:22:05,1,1.60,1,N,211,232,1,10,0,0.5,2.15,0,0.3,12.95
2,2017-01-17 09:40:29,2017-01-17 09:51:13,2,1.41,1,N,142,100,2,8.5,0,0.5,0,0,0.3,9.3
1,2017-01-17 10:13:58,2017-01-17 10:30:06,1,2.10,1,N,236,161,1,11.5,0,0.5,2.46,0,0.3,14.76
1,2017-01-17 10:51:19,2017-01-17 11:29:03,1,5.00,1,N,162,13,1,25.5,0,0.5,5,0,0.3,31.3
2,2017-01-17 11:27:34,2017-01-17 11:41:54,2,1.44,1,N,234,161,1,10,0,0.5,2.7,0,0.3,13.5
1,2017-01-17 12:03:24,2017-01-17 12:20:00,1,1.20,1,N,164,161,1,11,0,0.5,2.36,0,0.3,14.16
2,2017-01-17 12:37:58,2017-01-17 12:51:36,1,2.30,1,N,239,166,1,11.5,0,0.5,2.46,0,0.3,14.76
1,2017-01-17 13:12:40,2017-01-17 13:34:06,2,1.20,1,N,100,186,1,13.5,0,0.5,0,0,0.3,14.3
2,2017-01-17 13:49:04,2017-01-17 13:55:34,1,.65,1,N,87,88,2,6,0,0.5,0,0,0.3,6.8
2,2017-01-17 14:25:28,2017-01-17 14:29:58,1,.60,1,N,79,4,1,5,0,0.5,1.16,0,0.3,6.96
1,2017-01-17 14:58:49,2017-01-17 15:10:22,1,1.00,1,N,237,141,2,8.5,0,0.5,0,0,0.3,9.3
1,2017-01-17 15:32:46,2017-01-17 16:00:29,1,6.70,1,N,125,166,1,24,0,0.5,4.95,0,0.3,29.75
2,2017-01-17 16:10:30,2017-01-17 16:31:29,1,3.81,1,N,138,92,2,16.5,1,0.5,0,0,0.3,18.3
1,2017-01-17 16:51:37,2017-01-17 16:56:58,1,.80,1,N,234,68,1,5.5,1,0.5,0,0,0.3,7.3
2,2017-01-17 17:28:34,2017-01-17 17:44:54,1,2.25,1,N,48,140,1,12,1,0.5,4.14,0,0.3,17.94
2,2017-01-17 17:56:50,2017-01-17 18:27:38,1,5.66,1,N,158,236,1,22.5,1,0.5,4.86,0,0.3,29.16
1,2017-01-17 18:24:08,2017-01-17 18:50:01,1,4.00,1,N,114,97,1,17.5,1,0.5,2,0,0.3,21.3
1,2017-01-17 18:51:33,2017-01-17 19:15:43,1,2.80,1,N,142,186,1,16.5,1,0.5,5.45,0,0.3,23.75
2,2017-01-17 19:18:02,2017-01-17 19:23:00,5,.93,1,N,237,236,2,5.5,1,0.5,0,0,0.3,7.3
1,2017-01-17 19:47:05,2017-01-17 19:58:48,1,1.80,1,N,163,50,1,10,1,0.5,2.35,0,0.3,14.15
1,2017-01-17 20:15:09,2017-01-17 20:25:19,2,1.10,1,N,162,163,1,8,0.5,0.5,1.85,0,0.3,11.15
2,2017-01-17 20:45:22,2017-01-17 20:50:37,1,.91,1,N,162,164,1,5.5,0.5,0.5,2.04,0,0.3,8.84
1,2017-01-17 20:55:42,2017-01-17 21:03:02,1,1.50,1,N,142,238,2,7.5,0.5,0.5,0,0,0.3,8.8
2,2017-01-17 21:11:53,2017-01-17 21:22:57,5,1.94,1,N,249,100,1,9.5,0.5,0.5,2.16,0,0.3,12.96
2,2017-01-17 21:29:12,2017-01-17 22:05:23,1,20.42,2,N,132,161,2,52,0,0.5,0,5.54,0.3,58.34
1,2017-01-17 21:56:30,2017-01-17 21:56:42,1,5.40,5,N,230,230,3,0,0,0,0,0,0.3,0.3
2,2017-01-05 16:42:24,2017-01-05 17:23:56,1,18.81,2,N,132,263,1,52,4.5,0.5,12.57,5.54,0.3,75.41
1,2017-01-17 22:51:38,2017-01-17 23:01:48,1,2.20,1,N,234,163,1,9.5,0.5,0.5,2.15,0,0.3,12.95
2,2017-01-05 16:59:19,2017-01-05 17:11:46,2,1.61,1,N,48,164,1,9.5,1,0.5,2.26,0,0.3,13.56
1,2017-01-18 00:17:35,2017-01-18 00:27:50,1,2.50,1,N,114,230,2,10,0.5,0.5,0,0,0.3,11.3
2,2017-01-05 17:15:49,2017-01-05 17:23:28,3,.82,1,N,114,114,1,6.5,1,0.5,2.08,0,0.3,10.38
2,2017-01-18 04:10:47,2017-01-18 04:18:38,5,.93,1,N,144,144,2,6,0.5,0.5,0,0,0.3,7.3
1,2017-01-18 06:40:12,2017-01-18 07:03:21,1,9.20,1,N,238,138,1,28,0,0.5,5,5.54,0.3,39.34
1,2017-01-18 07:24:10,2017-01-18 08:35:10,1,18.00,2,N,132,50,2,52,0,0.5,0,5.54,0.3,58.34
1,2017-01-18 07:56:33,2017-01-18 08:27:51,1,8.60,1,N,90,244,1,30,0,0.5,3,0,0.3,33.8
2,2017-01-18 08:27:06,2017-01-18 08:33:26,1,.81,1,N,186,234,1,6,0,0.5,1.7,0,0.3,8.5
2,2017-01-18 08:56:47,2017-01-18 09:11:43,1,2.78,1,N,226,129,2,12.5,0,0.5,0,0,0.3,13.3
2,2017-01-18 09:28:48,2017-01-18 09:48:53,1,1.15,1,N,43,141,2,12.5,0,0.5,0,0,0.3,13.3
2,2017-01-18 10:01:35,2017-01-18 10:16:45,2,1.17,1,N,43,162,1,10,0,0.5,2.16,0,0.3,12.96
1,2017-01-18 10:39:51,2017-01-18 10:46:39,1,.50,1,N,230,163,2,6,0,0.5,0,0,0.3,6.8
2,2017-01-18 11:19:29,2017-01-18 11:27:44,2,.88,1,N,48,163,2,7,0,0.5,0,0,0.3,7.8
2,2017-01-18 11:57:52,2017-01-18 12:10:48,5,2.03,1,N,142,140,1,10.5,0,0.5,2.26,0,0.3,13.56
2,2017-01-18 12:34:54,2017-01-18 12:48:03,1,1.18,1,N,186,161,1,9,0,0.5,2.45,0,0.3,12.25
1,2017-01-18 13:12:27,2017-01-18 13:53:43,1,9.50,1,N,264,264,1,37,0,0.5,10.8,5.54,0.3,54.14
2,2017-01-18 13:49:38,2017-01-18 13:58:09,1,.80,1,N,162,163,2,7,0,0.5,0,0,0.3,7.8
2,2017-01-22 02:30:36,2017-01-22 02:44:26,1,3.46,1,N,148,48,1,13,0.5,0.5,3.58,0,0.3,17.88
2,2017-01-18 14:28:45,2017-01-18 14:46:28,3,7.25,1,N,132,197,1,23,0,0.5,4.76,0,0.3,28.56
2,2017-01-18 15:03:42,2017-01-18 15:11:37,1,1.24,1,N,43,142,1,7.5,0,0.5,1.66,0,0.3,9.96
2,2017-01-18 15:38:49,2017-01-18 15:43:46,1,.78,1,N,239,238,2,5.5,0,0.5,0,0,0.3,6.3
1,2017-01-18 16:17:20,2017-01-18 16:24:21,1,.90,1,N,230,48,1,6.5,1,0.5,1,0,0.3,9.3
1,2017-01-18 16:56:51,2017-01-18 17:01:11,1,.90,1,N,236,237,1,5,1,0.5,1.2,0,0.3,8
2,2017-01-18 17:33:03,2017-01-18 17:38:39,1,.61,1,N,229,170,1,5.5,1,0.5,1.46,0,0.3,8.76
1,2017-01-18 18:04:34,2017-01-18 18:09:43,1,1.30,1,N,238,142,1,6,1,0.5,1.55,0,0.3,9.35
2,2017-01-18 18:32:58,2017-01-18 18:41:42,5,.77,1,N,162,141,1,7,1,0.5,2.2,0,0.3,11
2,2017-01-18 19:00:19,2017-01-18 19:03:39,1,.43,1,N,14,14,2,4,1,0.5,0,0,0.3,5.8
2,2017-01-05 17:55:00,2017-01-05 18:02:25,4,1.34,1,N,170,234,1,7,1,0.5,2.2,0,0.3,11
1,2017-01-05 18:24:06,2017-01-05 18:31:21,1,.80,1,N,48,163,1,6,1,0.5,2.3,0,0.3,10.1
2,2017-01-09 11:07:34,2017-01-09 11:30:38,1,2.27,1,N,229,142,2,15.5,0,0.5,0,0,0.3,16.3
2,2017-01-05 18:53:26,2017-01-05 18:57:41,3,1.03,1,N,236,263,1,5.5,1,0.5,1.46,0,0.3,8.76
1,2017-01-05 19:21:20,2017-01-05 19:21:20,1,.00,1,N,131,264,2,5.5,1,0.5,0,0,0.3,7.3
2,2017-01-05 19:50:26,2017-01-05 19:53:54,1,.72,1,N,162,170,1,4.5,1,0.5,1.26,0,0.3,7.56
2,2017-01-05 20:19:27,2017-01-05 20:27:06,1,.94,1,N,137,224,1,6.5,0.5,0.5,1.56,0,0.3,9.36
2,2017-01-05 20:50:11,2017-01-05 20:51:42,6,.65,1,N,162,141,1,4,0.5,0.5,0.53,0,0.3,5.83
1,2017-01-09 08:31:55,2017-01-09 08:42:38,1,1.30,1,N,249,211,1,8,0,0.5,1.75,0,0.3,10.55
2,2017-01-05 21:22:11,2017-01-05 21:38:39,1,4.61,1,N,48,74,1,16,0.5,0.5,2,0,0.3,19.3
2,2017-01-05 21:48:27,2017-01-05 22:01:31,3,1.70,1,N,230,107,2,10,0.5,0.5,0,0,0.3,11.3
2,2017-01-05 22:17:53,2017-01-05 22:28:31,6,2.62,1,N,161,113,1,10,0.5,0.5,3.39,0,0.3,14.69
1,2017-01-05 22:53:17,2017-01-05 23:01:58,4,1.40,1,N,79,148,2,7.5,0.5,0.5,0,0,0.3,8.8
1,2017-01-05 23:36:20,2017-01-05 23:39:04,1,.60,1,N,164,234,1,4,0.5,0.5,1,0,0.3,6.3
1,2017-01-06 00:30:59,2017-01-06 00:42:15,2,2.30,1,N,141,143,1,10,0.5,0.5,2.25,0,0.3,13.55
2,2017-01-06 02:04:03,2017-01-06 02:18:20,1,2.39,1,N,158,170,2,11.5,0.5,0.5,0,0,0.3,12.8
1,2017-01-06 05:39:15,2017-01-06 05:59:58,1,9.50,1,N,90,138,1,28,0.5,0.5,6.95,5.54,0.3,41.79
1,2017-01-18 19:39:47,2017-01-18 19:58:21,1,4.90,1,N,13,144,1,18.5,1,0.5,4.05,0,0.3,24.35
1,2017-01-18 20:08:39,2017-01-18 20:19:41,1,1.20,1,N,79,234,1,8.5,0.5,0.5,1,0,0.3,10.8
2,2017-01-18 20:38:41,2017-01-18 20:50:14,1,1.62,1,N,230,143,1,9,0.5,0.5,2.06,0,0.3,12.36
1,2017-01-18 21:09:28,2017-01-18 21:14:35,1,1.00,1,N,141,162,2,5.5,0.5,0.5,0,0,0.3,6.8
1,2017-01-18 21:40:15,2017-01-18 21:53:34,1,2.40,1,N,229,79,1,11,0.5,0.5,3.05,0,0.3,15.35
1,2017-01-18 22:10:50,2017-01-18 22:29:50,2,4.70,1,N,113,143,1,17.5,0.5,0.5,3.75,0,0.3,22.55
2,2017-01-18 22:45:42,2017-01-18 22:55:13,2,2.83,1,N,148,80,1,11,0.5,0.5,2.46,0,0.3,14.76
1,2017-01-18 23:26:36,2017-01-18 23:29:32,1,.70,1,N,140,141,1,4.5,0.5,0.5,0.75,0,0.3,6.55
1,2017-01-19 00:28:15,2017-01-19 00:34:50,1,1.50,1,N,239,163,2,7,0.5,0.5,0,0,0.3,8.3
1,2017-01-19 02:34:04,2017-01-19 02:51:05,1,7.90,1,N,140,255,1,23.5,0.5,0.5,4.95,0,0.3,29.75
1,2017-01-19 06:10:25,2017-01-19 06:16:09,1,.90,1,N,48,161,2,6,0,0.5,0,0,0.3,6.8
2,2017-01-06 06:05:52,2017-01-06 06:11:45,1,2.13,1,N,79,161,1,8,0,0.5,1.76,0,0.3,10.56
2,2017-01-19 07:45:48,2017-01-19 07:53:14,4,1.08,1,N,262,237,1,7,0,0.5,1,0,0.3,10.75
1,2017-01-06 06:55:47,2017-01-06 07:08:50,1,3.00,1,N,164,87,1,11.5,0,0.5,2,0,0.3,14.3
1,2017-01-19 08:21:24,2017-01-19 08:34:11,4,.70,1,N,107,137,1,8.5,0,0.5,1,0,0.3,10.3
1,2017-01-19 08:52:49,2017-01-19 09:04:39,1,1.50,1,N,143,161,1,9,0,0.5,1,0,0.3,10.8
2,2017-01-19 09:26:50,2017-01-19 09:50:17,1,4.62,1,N,40,249,1,19.5,0,0.5,2.03,0,0.3,22.33
2,2017-01-06 07:12:32,2017-01-06 07:22:15,1,1.76,1,N,50,162,1,8.5,0,0.5,0.93,0,0.3,12.18
2,2017-01-19 10:27:24,2017-01-19 10:33:00,1,.65,1,N,48,230,1,5,0,0.5,1.16,0,0.3,6.96
1,2017-01-06 07:56:33,2017-01-06 08:16:55,2,3.70,1,N,231,234,1,16,0,0.5,2.52,0,0.3,19.32
2,2017-01-06 08:30:30,2017-01-06 08:34:36,1,1.06,1,N,249,234,1,5.5,0,0.5,1.26,0,0.3,7.56
2,2017-01-06 09:03:17,2017-01-06 10:10:03,1,20.90,2,N,132,261,1,52,0,0.5,10.56,0,0.3,63.36
1,2017-01-06 09:39:12,2017-01-06 09:44:13,1,1.00,1,N,234,114,1,5.5,0,0.5,1.25,0,0.3,7.55
1,2017-01-06 10:18:42,2017-01-06 10:25:38,1,1.00,1,N,161,237,1,6.5,0,0.5,1.46,0,0.3,8.76
2,2017-01-06 11:00:03,2017-01-06 11:11:57,3,1.40,1,N,246,234,1,9,0,0.5,1,0,0.3,10.8
1,2017-01-06 11:41:20,2017-01-06 11:49:12,1,.90,1,N,100,163,1,6.5,0,0.5,2,0,0.3,9.3
1,2017-01-09 11:56:39,2017-01-09 12:09:39,2,1.50,1,N,211,13,1,10,0,0.5,2.15,0,0.3,12.95
2,2017-01-06 12:21:39,2017-01-06 12:26:50,1,1.07,1,N,236,239,1,6,0,0.5,1.36,0,0.3,8.16
1,2017-01-06 13:00:29,2017-01-06 13:08:13,1,1.00,1,N,236,162,1,7,0,0.5,1,0,0.3,8.8
2,2017-01-06 13:39:06,2017-01-06 13:45:41,1,1.34,1,N,249,231,2,6.5,0,0.5,0,0,0.3,7.3
1,2017-01-06 14:15:00,2017-01-06 14:18:56,1,.70,1,N,48,246,1,5,0,0.5,1.05,0,0.3,6.85
2,2017-01-06 14:48:02,2017-01-06 14:54:07,1,.89,1,N,170,161,1,6,0,0.5,1.36,0,0.3,8.16
2,2017-01-06 15:18:20,2017-01-06 15:27:12,6,1.42,1,N,234,125,1,7.5,0,0.5,2.08,0,0.3,10.38
1,2017-01-06 15:51:39,2017-01-06 16:03:17,4,1.90,1,N,144,170,2,9.5,0,0.5,0,0,0.3,10.3
1,2017-01-09 09:08:22,2017-01-09 09:13:19,1,.90,1,N,49,97,1,5,0,0.5,0,0,0.3,5.8
1,2017-01-06 16:29:48,2017-01-06 16:43:38,2,2.50,1,N,186,144,1,11,1,0.5,3.8,0,0.3,16.6
1,2017-01-06 17:05:53,2017-01-06 17:22:55,1,2.40,1,N,238,236,1,13,1,0.5,2.96,0,0.3,17.76
1,2017-01-06 17:33:11,2017-01-06 17:34:20,2,.30,1,N,231,125,2,3,1,0.5,0,0,0.3,4.8
2,2017-01-06 18:00:54,2017-01-06 18:31:51,1,6.02,1,N,164,66,1,22.5,1,0.5,3,0,0.3,27.3
2,2017-01-06 18:26:33,2017-01-06 18:30:02,2,.32,1,N,162,162,2,4,1,0.5,0,0,0.3,5.8
2,2017-01-06 18:51:18,2017-01-06 18:57:19,1,.70,1,N,230,186,2,5.5,1,0.5,0,0,0.3,7.3
2,2017-01-19 11:05:18,2017-01-19 11:09:56,1,.93,1,N,261,231,1,5.5,0,0.5,1.58,0,0.3,7.88
2,2017-01-19 11:47:39,2017-01-19 11:54:42,2,1.17,1,N,239,43,2,5.5,0,0.5,0,0,0.3,6.3
2,2017-01-19 12:25:54,2017-01-19 12:35:05,1,1.67,1,N,43,237,2,7.5,0,0.5,0,0,0.3,8.3
2,2017-01-19 13:03:19,2017-01-19 13:05:34,5,.65,1,N,237,237,1,4,0,0.5,1,0,0.3,5.8
1,2017-01-19 13:40:00,2017-01-19 13:59:15,2,1.20,1,N,237,162,2,12.5,0,0.5,0,0,0.3,13.3
1,2017-01-19 14:14:32,2017-01-19 14:31:25,1,1.50,1,N,137,186,1,11,0,0.5,2.35,0,0.3,14.15
2,2017-01-19 14:47:59,2017-01-19 14:56:06,1,.93,1,N,262,236,1,7,0,0.5,1.56,0,0.3,9.36
2,2017-01-19 15:21:16,2017-01-19 15:29:23,4,.98,1,N,231,231,1,7,0,0.5,1.17,0,0.3,8.97
2,2017-01-06 19:24:52,2017-01-06 19:29:57,3,.89,1,N,100,161,2,5.5,1,0.5,0,0,0.3,7.3
2,2017-01-06 19:51:09,2017-01-06 20:00:11,1,2.85,1,N,246,239,1,10,1,0.5,2.36,0,0.3,14.16
2,2017-01-06 20:19:43,2017-01-06 20:42:55,1,3.67,1,N,161,261,2,16.5,0.5,0.5,0,0,0.3,17.8
1,2017-01-06 20:50:00,2017-01-06 20:51:50,2,.80,1,N,238,166,2,4,0.5,0.5,0,0,0.3,5.3
2,2017-01-06 21:20:02,2017-01-06 21:41:43,3,1.53,1,N,158,79,2,13.5,0.5,0.5,0,0,0.3,14.8
1,2017-01-19 15:50:14,2017-01-19 16:01:52,1,1.70,1,N,234,161,1,9,0,0.5,1.95,0,0.3,11.75
1,2017-01-06 22:13:46,2017-01-06 22:18:16,1,.50,1,N,230,48,2,4.5,0.5,0.5,0,0,0.3,5.8
1,2017-01-06 22:38:02,2017-01-06 23:00:02,1,11.20,1,N,181,55,1,32.5,0.5,0.5,10.1,0,0.3,43.9
2,2017-01-06 23:00:40,2017-01-06 23:14:49,1,8.86,1,N,138,216,1,25,0.5,0.5,0,0,0.3,26.3
1,2017-01-06 23:26:28,2017-01-06 23:37:51,1,2.60,1,N,48,238,1,11,0.5,0.5,3.05,0,0.3,15.35
2,2017-01-06 23:55:05,2017-01-07 00:02:09,2,1.27,1,N,48,142,1,7,0.5,0.5,1.66,0,0.3,9.96
2,2017-01-09 09:21:25,2017-01-09 09:23:28,2,.63,1,N,236,238,2,4,0,0.5,0,0,0.3,4.8
1,2017-01-09 09:47:50,2017-01-09 10:03:29,2,.90,1,N,48,161,1,10.5,0,0.5,2.25,0,0.3,13.55
1,2017-01-07 00:51:24,2017-01-07 01:01:45,1,1.30,1,N,144,107,1,8,0.5,0.5,1,0,0.3,10.3
2,2017-01-07 01:24:29,2017-01-07 01:34:41,5,1.38,1,N,148,224,1,8.5,0.5,0.5,2.94,0,0.3,12.74
2,2017-01-09 09:53:56,2017-01-09 10:06:58,2,.53,1,N,163,161,2,9,0,0.5,0,0,0.3,9.8
1,2017-01-07 01:56:41,2017-01-07 02:06:59,1,4.10,1,N,74,243,1,14,0.5,0.5,4,0,0.3,19.3
1,2017-01-07 02:41:07,2017-01-07 02:48:16,1,1.10,1,N,114,79,2,6.5,0.5,0.5,0,0,0.3,7.8
2,2017-01-19 17:02:06,2017-01-19 17:23:03,1,2.02,1,N,137,141,1,14,1,0.5,1.7,0,0.3,17.5
1,2017-01-19 17:07:13,2017-01-19 17:18:37,1,1.30,1,N,114,231,1,9,1,0.5,2.15,0,0.3,12.95
1,2017-01-07 07:42:39,2017-01-07 07:55:26,1,4.80,1,N,151,244,1,16,0,0.5,3.35,0,0.3,20.15
1,2017-01-07 08:51:32,2017-01-07 08:58:49,1,2.30,1,N,68,142,1,9,0,0.5,1.5,0,0.3,11.3
1,2017-01-07 09:33:25,2017-01-07 09:45:36,1,3.20,1,N,166,236,1,12,0,0.5,2.55,0,0.3,15.35
2,2017-01-19 17:26:07,2017-01-19 17:50:35,1,2.67,1,N,161,262,2,16,1,0.5,0,0,0.3,17.8
1,2017-01-07 10:41:28,2017-01-07 10:48:24,1,1.10,1,N,211,261,2,6.5,0,0.5,0,0,0.3,7.3
2,2017-01-07 11:09:54,2017-01-07 11:13:57,1,.87,1,N,43,43,1,5.5,0,0.5,1.26,0,0.3,7.56
1,2017-01-07 11:39:22,2017-01-07 11:43:41,1,.60,1,N,137,170,1,4.5,0,0.5,1.05,0,0.3,6.35
1,2017-01-07 12:07:56,2017-01-07 12:20:51,1,1.90,1,N,236,143,1,10,0,0.5,2.15,0,0.3,12.95
2,2017-01-07 12:37:15,2017-01-07 12:54:17,5,1.57,1,N,142,238,2,11,0,0.5,0,0,0.3,11.8
1,2017-01-07 13:03:25,2017-01-07 13:16:30,1,1.30,1,N,158,107,1,9,0,0.5,1.95,0,0.3,11.75
2,2017-01-07 13:34:14,2017-01-07 13:44:04,1,2.00,1,N,170,79,1,9,0,0.5,1.96,0,0.3,11.76
1,2017-01-07 14:04:16,2017-01-07 14:14:57,1,1.60,1,N,238,163,1,9,0,0.5,1.95,0,0.3,11.75
1,2017-01-07 14:38:45,2017-01-07 14:42:18,1,.40,1,N,229,233,1,4,0,0.5,1,0,0.3,5.8
2,2017-01-07 15:09:20,2017-01-07 15:35:47,1,4.14,1,N,50,263,1,19,0,0.5,3.96,0,0.3,23.76
2,2017-01-07 15:43:27,2017-01-07 15:49:08,1,.70,1,N,236,263,2,5.5,0,0.5,0,0,0.3,6.3
2,2017-01-07 16:15:35,2017-01-07 16:34:01,1,2.58,1,N,263,142,1,12.5,0,0.5,3.99,0,0.3,17.29
1,2017-01-07 16:53:59,2017-01-07 17:07:32,1,1.70,1,N,79,137,2,10,0,0.5,0,0,0.3,10.8
2,2017-01-07 17:35:41,2017-01-07 17:46:02,1,1.45,1,N,230,234,1,8,0,0.5,2.2,0,0.3,11
2,2017-01-07 18:11:09,2017-01-07 18:22:22,2,.79,1,N,230,186,2,8,0,0.5,0,0,0.3,8.8
2,2017-01-07 18:42:17,2017-01-07 18:50:34,1,1.06,1,N,141,163,2,7,0,0.5,0,0,0.3,7.8
1,2017-01-07 19:11:53,2017-01-07 19:29:35,1,1.70,1,N,239,230,1,11.5,0,0.5,2.45,0,0.3,14.75
2,2017-01-07 19:41:09,2017-01-07 19:50:38,3,1.25,1,N,107,79,1,7.5,0,0.5,1.5,0,0.3,9.8
1,2017-01-07 20:10:01,2017-01-07 20:26:57,3,2.80,1,N,151,163,1,13,0.5,0.5,1,0,0.3,15.3
2,2017-01-07 20:48:31,2017-01-07 21:05:25,1,2.13,1,N,224,68,1,12,0.5,0.5,3.32,0,0.3,16.62
2,2017-01-19 19:11:32,2017-01-19 19:21:31,1,1.36,1,N,230,246,1,8,1,0.5,1.5,0,0.3,11.3
2,2017-01-07 22:02:57,2017-01-07 22:11:00,1,1.36,1,N,107,114,1,7,0.5,0.5,1,0,0.3,9.3
2,2017-01-07 22:33:13,2017-01-07 22:38:45,1,.76,1,N,68,234,2,5.5,0.5,0.5,0,0,0.3,6.8
1,2017-01-07 23:02:32,2017-01-07 23:14:02,2,1.70,1,N,4,158,1,9.5,0.5,0.5,2.15,0,0.3,12.95
2,2017-01-07 23:30:54,2017-01-07 23:57:36,1,7.21,1,N,148,74,2,24,0.5,0.5,0,0,0.3,25.3
1,2017-01-08 00:04:09,2017-01-08 00:15:59,2,3.30,1,N,107,229,1,12.5,0.5,0.5,2.76,0,0.3,16.56
2,2017-01-08 00:37:09,2017-01-08 00:59:04,2,8.11,1,N,148,41,1,25.5,0.5,0.5,3,0,0.3,29.8
2,2017-01-08 01:16:31,2017-01-08 01:28:03,1,8.14,1,N,138,216,1,23,0.5,0.5,0,0,0.3,24.3
1,2017-01-08 02:04:11,2017-01-08 02:26:22,2,4.20,1,N,79,50,1,17,0.5,0.5,3.65,0,0.3,21.95
2,2017-01-08 03:00:16,2017-01-08 03:00:19,1,.00,5,N,264,238,1,20.8,0,0.5,3,0,0.3,24.6
1,2017-01-08 04:19:07,2017-01-08 04:47:36,2,5.90,1,N,158,36,2,23.5,0.5,0.5,0,0,0.3,24.8
2,2017-01-08 07:25:02,2017-01-08 07:38:03,1,3.45,1,N,148,48,2,13,0,0.5,0,0,0.3,13.8
1,2017-01-08 08:57:56,2017-01-08 09:04:34,1,1.60,1,N,75,238,1,7.5,0,0.5,1.7,0,0.3,10
1,2017-01-08 09:55:35,2017-01-08 10:08:35,1,3.20,1,N,186,140,2,12.5,0,0.5,0,0,0.3,13.3
2,2017-01-08 10:40:22,2017-01-08 10:45:52,1,1.27,1,N,140,236,1,6.5,0,0.5,1.46,0,0.3,8.76
2,2017-01-08 11:19:21,2017-01-08 11:23:42,5,.85,1,N,161,100,2,5,0,0.5,0,0,0.3,5.8
2,2017-01-08 11:55:11,2017-01-08 12:15:19,1,5.23,1,N,230,261,2,18.5,0,0.5,0,0,0.3,19.3
1,2017-01-08 12:28:08,2017-01-08 12:40:32,2,2.70,1,N,249,163,2,11,0,0.5,0,0,0.3,11.8
2,2017-01-08 12:59:47,2017-01-08 13:04:04,1,1.51,1,N,141,236,1,6,0,0.5,1.36,0,0.3,8.16
1,2017-01-08 13:32:47,2017-01-08 13:46:55,1,1.20,1,N,170,186,1,9.5,0,0.5,5,0,0.3,15.3
2,2017-01-08 14:06:54,2017-01-08 14:12:07,1,.84,1,N,107,137,1,5.5,0,0.5,1.26,0,0.3,7.56
2,2017-01-08 14:41:47,2017-01-08 14:54:04,2,1.62,1,N,163,186,1,9.5,0,0.5,2.06,0,0.3,12.36
2,2017-01-08 15:16:13,2017-01-08 15:29:39,1,1.51,1,N,229,107,1,10,0,0.5,1,0,0.3,11.8
2,2017-01-08 15:48:52,2017-01-08 16:04:26,1,3.43,1,N,107,263,1,13.5,0,0.5,2.86,0,0.3,17.16
2,2017-01-08 16:21:20,2017-01-08 16:33:16,1,2.76,1,N,233,236,1,11,0,0.5,2.36,0,0.3,14.16
2,2017-01-08 16:53:59,2017-01-08 16:56:10,1,.53,1,N,236,236,2,4,0,0.5,0,0,0.3,4.8
2,2017-01-08 17:27:22,2017-01-08 18:33:08,2,10.76,1,N,246,70,1,49.5,0,0.5,13.96,5.54,0.3,69.8
2,2017-01-08 18:01:52,2017-01-08 18:11:41,2,1.72,1,N,237,142,1,9,0,0.5,1.96,0,0.3,11.76
1,2017-01-19 19:58:33,2017-01-19 20:15:10,1,1.90,1,N,229,186,1,12,1,0.5,3.45,0,0.3,17.25
2,2017-01-08 19:14:09,2017-01-08 19:19:56,6,1.14,1,N,246,48,2,6,0,0.5,0,0,0.3,6.8
1,2017-01-08 19:53:42,2017-01-08 19:59:38,1,1.10,1,N,230,163,2,6.5,0,0.5,0,0,0.3,7.3
2,2017-01-08 20:32:38,2017-01-08 20:36:45,1,.65,1,N,107,170,1,5,0.5,0.5,1.89,0,0.3,8.19
2,2017-01-08 21:20:13,2017-01-08 21:25:34,1,1.44,1,N,170,79,1,6.5,0.5,0.5,1.56,0,0.3,9.36
1,2017-01-08 22:09:27,2017-01-08 22:18:48,1,2.90,1,N,239,166,1,10.5,0.5,0.5,1.2,0,0.3,13
2,2017-01-08 23:07:56,2017-01-08 23:15:19,1,1.25,1,N,170,48,1,7,0.5,0.5,1.66,0,0.3,9.96
1,2017-01-09 00:24:05,2017-01-09 00:52:49,1,4.50,1,N,263,226,2,21.5,0.5,0.5,0,0,0.3,22.8
1,2017-01-09 10:42:14,2017-01-09 10:56:56,1,1.30,1,N,161,186,1,10,0,0.5,2.15,0,0.3,12.95
2,2017-01-09 04:10:21,2017-01-09 04:18:03,1,1.68,1,N,186,48,1,8,0.5,0.5,2.79,0,0.3,12.09
2,2017-01-02 01:05:43,2017-01-02 01:10:09,1,1.67,1,N,262,74,2,6.5,0.5,0.5,0,0,0.3,7.8
1,2017-01-02 04:38:37,2017-01-02 04:43:36,1,.90,1,N,100,233,1,6,0.5,0.5,2.15,0,0.3,9.45
1,2017-01-02 08:00:31,2017-01-02 08:05:45,1,1.10,1,N,148,113,1,6,0,0.5,1.35,0,0.3,8.15
1,2017-01-02 09:36:14,2017-01-02 09:45:55,1,2.20,1,N,12,232,3,9.5,0,0.5,0,0,0.3,10.3
2,2017-01-02 10:43:47,2017-01-02 10:46:44,3,.65,1,N,237,237,2,4.5,0,0.5,0,0,0.3,5.3
2,2017-01-02 11:38:08,2017-01-02 11:47:20,1,1.69,1,N,163,164,2,8.5,0,0.5,0,0,0.3,9.3
2,2017-01-02 12:20:38,2017-01-02 12:33:00,1,3.11,1,N,142,41,1,12,0,0.5,1.79,0,0.3,14.59
1,2017-01-02 13:00:33,2017-01-02 13:03:43,1,.90,1,N,163,233,3,5,0,0.5,0,0,0.3,5.8
2,2017-01-02 13:39:51,2017-01-02 13:48:32,1,3.26,1,N,138,223,1,11,0,0.5,2.36,0,0.3,14.16
1,2017-01-02 14:16:43,2017-01-02 14:26:22,1,2.50,1,N,170,141,1,10.5,0,0.5,2.25,0,0.3,13.55
1,2017-01-02 14:52:30,2017-01-02 14:59:14,2,1.20,1,N,161,234,1,7,0,0.5,1.2,0,0.3,9
1,2017-01-02 15:29:33,2017-01-02 15:35:58,2,1.40,1,N,100,50,2,6.5,0,0.5,0,0,0.3,7.3
1,2017-01-02 16:06:28,2017-01-02 16:11:34,1,.70,1,N,107,113,1,5.5,1,0.5,1.46,0,0.3,8.76
2,2017-01-02 16:44:24,2017-01-02 16:55:31,6,2.54,1,N,79,233,1,10.5,0,0.5,3.39,0,0.3,14.69
2,2017-01-02 17:23:53,2017-01-02 17:27:32,1,.32,1,N,236,236,1,4,0,0.5,2,0,0.3,6.8
2,2017-01-02 18:01:52,2017-01-02 18:13:39,4,2.39,1,N,143,236,1,10.5,0,0.5,2.26,0,0.3,13.56
1,2017-01-02 18:38:45,2017-01-02 18:41:21,1,.40,1,N,161,163,1,4,1,0.5,1.15,0,0.3,6.95
1,2017-01-02 19:18:06,2017-01-02 19:26:41,1,1.50,1,N,186,107,1,8,1,0.5,1.95,0,0.3,11.75
1,2017-01-02 20:06:35,2017-01-02 20:10:19,1,.60,1,N,264,264,1,4.5,0.5,0.5,1,0,0.3,6.8
2,2017-01-02 21:02:05,2017-01-02 21:06:45,1,1.14,1,N,143,163,1,5.5,0.5,0.5,1.36,0,0.3,8.16
1,2017-01-02 21:57:46,2017-01-02 22:04:56,1,1.10,1,N,137,100,1,7.5,0.5,0.5,1.75,0,0.3,10.55
2,2017-01-02 22:56:59,2017-01-02 23:02:23,1,.76,1,N,230,161,2,5.5,0.5,0.5,0,0,0.3,6.8
2,2017-01-03 00:16:35,2017-01-03 00:43:26,1,18.51,2,N,132,79,1,52,0,0.5,11.67,5.54,0.3,70.01
1,2017-01-03 04:06:07,2017-01-03 04:20:58,1,5.50,1,N,48,116,1,18.5,0.5,0.5,3.95,0,0.3,23.75
2,2017-01-03 06:43:04,2017-01-03 06:53:43,1,2.60,1,N,238,140,1,10.5,0,0.5,2.82,0,0.3,14.12
1,2017-01-03 07:30:05,2017-01-03 07:49:45,1,4.00,1,N,261,79,2,15,0,0.5,0,0,0.3,15.8
2,2017-01-03 08:08:15,2017-01-03 08:10:21,1,.57,1,N,186,234,2,4,0,0.5,0,0,0.3,4.8
1,2017-01-03 08:44:01,2017-01-03 08:59:08,1,2.10,1,N,234,162,2,11.5,0,0.5,0,0,0.3,12.3
2,2017-01-03 09:19:17,2017-01-03 09:26:08,1,.92,1,N,231,261,2,6,0,0.5,0,0,0.3,6.8
2,2017-01-03 09:58:50,2017-01-03 10:07:56,1,1.10,1,N,143,163,1,7.5,0,0.5,0.75,0,0.3,9.05
1,2017-01-03 10:43:17,2017-01-03 10:57:58,1,2.10,1,N,163,236,2,11,0,0.5,0,0,0.3,11.8
1,2017-01-03 11:25:38,2017-01-03 11:38:20,1,1.40,1,N,186,230,1,9,0,0.5,1.95,0,0.3,11.75
1,2017-01-03 12:06:44,2017-01-03 12:16:06,2,1.10,1,N,48,161,2,7.5,0,0.5,0,0,0.3,8.3
2,2017-01-03 12:44:13,2017-01-03 12:51:26,1,1.34,1,N,43,164,2,7,0,0.5,0,0,0.3,7.8
2,2017-01-03 13:23:29,2017-01-03 13:27:30,2,.86,1,N,170,107,2,5,0,0.5,0,0,0.3,5.8
2,2017-01-03 13:59:45,2017-01-03 14:03:32,1,.47,1,N,161,163,1,4.5,0,0.5,1,0,0.3,6.3
1,2017-01-03 14:38:21,2017-01-03 14:42:46,1,.60,1,N,237,236,2,5,0,0.5,0,0,0.3,5.8
2,2017-01-03 15:12:32,2017-01-03 15:23:30,6,.78,1,N,236,236,2,8,0,0.5,0,0,0.3,8.8
1,2017-01-03 15:46:22,2017-01-03 15:57:26,1,1.20,1,N,163,143,2,8.5,0,0.5,0,0,0.3,9.3
1,2017-01-03 16:22:18,2017-01-03 16:25:14,2,.50,1,N,230,230,2,4,1,0.5,0,0,0.3,5.8
2,2017-01-03 17:05:25,2017-01-03 17:11:23,5,.85,1,N,90,186,2,6,1,0.5,0,0,0.3,7.8
1,2017-01-03 17:42:40,2017-01-03 17:46:57,2,.60,1,N,233,162,1,4.5,1,0.5,5,0,0.3,11.3
1,2017-01-03 18:15:09,2017-01-03 18:19:38,1,.40,1,N,140,141,1,4.5,1,0.5,1.25,0,0.3,7.55
1,2017-01-03 18:46:38,2017-01-03 18:55:26,1,.70,1,N,230,164,2,7,1,0.5,0,0,0.3,8.8
2,2017-01-03 19:20:49,2017-01-03 19:27:22,3,1.28,1,N,162,48,1,6.5,1,0.5,1.66,0,0.3,9.96
2,2017-01-03 20:00:15,2017-01-03 20:21:29,1,11.06,1,N,138,231,1,32,0.5,0.5,5,0,0.3,38.3
1,2017-01-03 20:44:06,2017-01-03 20:50:51,1,1.50,1,N,142,246,1,7,0.5,0.5,2.45,0,0.3,10.75
2,2017-01-03 21:29:59,2017-01-03 21:41:23,2,3.39,1,N,79,189,1,12.5,0.5,0.5,2.76,0,0.3,16.56
1,2017-01-03 22:14:59,2017-01-03 22:20:03,2,.50,1,N,48,100,2,5,0.5,0.5,0,0,0.3,6.3
1,2017-01-03 23:11:17,2017-01-03 23:21:32,1,2.40,1,N,230,141,1,10,0.5,0.5,1,0,0.3,12.3
1,2017-01-04 00:38:57,2017-01-04 00:48:47,1,2.00,1,N,186,148,1,9,0.5,0.5,3.05,0,0.3,13.35
2,2017-01-04 05:03:02,2017-01-04 05:07:51,1,2.31,1,N,75,162,1,8,0.5,0.5,2.32,0,0.3,11.62
2,2017-01-04 06:54:33,2017-01-04 07:09:50,1,3.29,1,N,79,141,1,14,0,0.5,2.66,0,0.3,17.46
1,2017-01-04 07:40:59,2017-01-04 07:53:21,1,2.10,1,N,236,230,1,10.5,0,0.5,1.13,0,0.3,12.43
2,2017-01-04 08:17:30,2017-01-04 08:22:37,1,.99,1,N,186,170,1,5.5,0,0.5,1.26,0,0.3,7.56
1,2017-01-04 08:53:26,2017-01-04 09:09:53,1,3.80,1,N,137,65,1,15.5,0,0.5,3.25,0,0.3,19.55
1,2017-01-04 09:31:00,2017-01-04 09:37:29,1,.90,1,N,142,48,1,6,0,0.5,1,0,0.3,7.8
1,2017-01-04 10:13:07,2017-01-04 10:52:08,1,12.00,1,N,132,188,1,39.5,0,0.5,0,0,0.3,40.3
1,2017-01-04 10:58:18,2017-01-04 11:11:12,1,1.20,1,N,236,140,1,9.5,0,0.5,2.05,0,0.3,12.35
1,2017-01-04 11:43:16,2017-01-04 11:58:23,1,3.20,1,N,163,24,2,13.5,0,0.5,0,0,0.3,14.3
1,2017-01-04 12:25:31,2017-01-04 12:50:17,1,5.50,1,N,239,224,1,21.5,0,0.5,4.45,0,0.3,26.75
1,2017-01-04 13:09:17,2017-01-04 13:13:07,1,.70,1,N,263,141,1,5,0,0.5,1.15,0,0.3,6.95
1,2017-01-04 13:50:42,2017-01-04 13:58:51,1,.70,1,N,229,230,2,6.5,0,0.5,0,0,0.3,7.3
1,2017-01-04 14:30:38,2017-01-04 14:49:13,1,2.80,1,N,164,231,1,14,0,0.5,2.95,0,0.3,17.75
1,2017-01-04 15:07:35,2017-01-04 15:21:51,1,1.10,1,N,164,161,1,9.5,0,0.5,1.55,0,0.3,11.85
2,2017-01-04 15:45:40,2017-01-04 16:28:57,1,10.38,1,N,138,100,1,37,0,0.5,8.67,5.54,0.3,52.01
1,2017-01-04 16:24:38,2017-01-04 16:28:17,1,.60,1,N,142,142,2,4.5,1,0.5,0,0,0.3,6.3
1,2017-01-04 17:05:15,2017-01-04 18:10:07,1,9.50,1,N,142,181,1,42.5,1,0.5,9.95,5.54,0.3,59.79
1,2017-01-04 17:40:50,2017-01-04 17:48:44,1,1.10,1,N,144,231,1,6.5,1,0.5,1,0,0.3,9.3
2,2017-01-04 18:12:40,2017-01-04 18:31:50,5,2.39,1,N,107,231,1,13,1,0.5,2.96,0,0.3,17.76
1,2017-01-04 18:42:45,2017-01-04 18:50:14,1,1.50,1,N,236,75,1,7.5,1,0.5,3,0,0.3,12.3
2,2017-01-04 19:12:24,2017-01-04 19:37:59,1,12.53,2,N,215,170,1,52,4.5,0.5,6.28,5.54,0.3,69.12
2,2017-01-09 06:43:09,2017-01-09 06:47:50,2,1.00,1,N,48,246,1,5.5,0,0.5,1,0,0.3,7.3
2,2017-01-04 19:44:53,2017-01-04 19:52:20,1,1.02,1,N,234,246,1,6.5,1,0.5,1.66,0,0.3,9.96
2,2017-01-04 20:17:52,2017-01-04 20:28:24,1,2.29,1,N,186,211,2,10,0.5,0.5,0,0,0.3,11.3
1,2017-01-04 20:52:05,2017-01-04 21:08:03,1,2.50,1,N,161,234,1,11.5,0.5,0.5,2,0,0.3,14.8
2,2017-01-04 21:26:54,2017-01-04 21:31:04,2,.67,1,N,262,262,1,5,0.5,0.5,1.26,0,0.3,7.56
1,2017-01-04 22:02:33,2017-01-04 22:14:11,2,2.90,1,N,142,166,2,11,0.5,0.5,0,0,0.3,12.3
1,2017-01-04 22:39:47,2017-01-04 22:44:02,1,.50,1,N,162,233,1,5,0.5,0.5,1.25,0,0.3,7.55
1,2017-01-09 06:55:50,2017-01-09 07:01:00,1,1.80,1,N,142,246,1,7,0,0.5,1.55,0,0.3,9.35
1,2017-01-04 23:33:10,2017-01-04 23:38:48,1,.70,1,N,90,68,2,6,0.5,0.5,0,0,0.3,7.3
2,2017-01-05 00:48:37,2017-01-05 00:52:41,1,1.47,1,N,239,24,2,6,0.5,0.5,0,0,0.3,7.3
1,2017-01-05 04:12:22,2017-01-05 04:35:17,1,12.10,1,N,142,138,1,34.5,0.5,0.5,12.4,5.54,0.3,53.74
1,2017-01-05 06:43:37,2017-01-05 06:53:06,1,2.60,1,N,79,229,1,10,0,0.5,2.7,0,0.3,13.5
1,2017-01-09 07:34:44,2017-01-09 07:49:33,1,1.60,1,N,107,230,1,10.5,0,0.5,2.25,0,0.3,13.55
1,2017-01-05 07:32:14,2017-01-05 07:51:09,1,3.90,1,N,239,42,1,16,0,0.5,2.1,0,0.3,18.9
2,2017-01-05 08:05:17,2017-01-05 08:11:20,1,.90,1,N,186,170,1,6,0,0.5,2.04,0,0.3,8.84
1,2017-01-05 08:37:17,2017-01-05 08:48:30,1,1.50,1,N,236,237,1,9,0,0.5,1.65,0,0.3,11.45
2,2017-01-05 09:09:50,2017-01-05 09:23:12,1,1.28,1,N,263,237,1,9.5,0,0.5,1.03,0,0.3,13.28
1,2017-01-05 09:44:06,2017-01-05 10:09:22,1,3.80,1,N,249,237,2,18,0,0.5,0,0,0.3,18.8
2,2017-01-05 10:23:33,2017-01-05 10:35:16,5,1.11,1,N,107,233,1,9,0,0.5,1,0,0.3,10.8
2,2017-01-05 11:04:15,2017-01-05 11:10:39,2,1.00,1,N,161,142,1,6,0,0.5,0,0,0.3,6.8
2,2017-01-05 11:45:00,2017-01-05 12:02:53,1,1.15,1,N,90,137,1,11.5,0,0.5,0,0,0.3,12.3
2,2017-01-09 07:57:42,2017-01-09 08:10:08,1,1.93,1,N,141,164,1,10,0,0.5,1.5,0,0.3,12.3
2,2017-01-05 12:25:35,2017-01-05 12:58:53,2,17.11,2,N,132,229,1,52,0,0.5,10,0,0.3,62.8
2,2017-01-05 13:03:54,2017-01-05 13:30:04,1,4.01,1,N,137,75,2,19,0,0.5,0,0,0.3,19.8
1,2017-01-05 13:42:51,2017-01-05 13:53:32,1,1.20,1,N,264,237,2,8.5,0,0.5,0,0,0.3,9.3
2,2017-01-05 14:19:54,2017-01-05 14:25:38,1,1.02,1,N,142,237,1,6,0,0.5,1.02,0,0.3,7.82
1,2017-01-05 14:53:54,2017-01-05 15:02:25,1,.90,1,N,170,186,2,7,0,0.5,0,0,0.3,7.8
1,2017-01-19 20:06:56,2017-01-19 20:28:37,1,2.90,1,N,163,246,1,16,0.5,0.5,4.3,0,0.3,21.6
2,2017-01-19 20:36:32,2017-01-19 21:12:11,5,19.20,2,N,132,163,2,52,0,0.5,0,5.54,0.3,58.34
1,2017-01-19 21:06:18,2017-01-19 21:47:33,2,9.80,1,Y,138,230,1,36,0.5,0.5,6,5.54,0.3,48.84
2,2017-01-19 21:34:47,2017-01-19 21:48:04,5,2.45,1,N,48,246,1,11,0.5,0.5,2,0,0.3,14.3
1,2017-01-19 22:03:02,2017-01-19 22:38:31,2,9.60,1,N,230,95,1,33,0.5,0.5,6,5.54,0.3,45.84
2,2017-01-19 22:31:49,2017-01-19 22:54:52,5,4.57,1,N,114,17,1,18.5,0.5,0.5,4.95,0,0.3,24.75
1,2017-01-19 23:02:34,2017-01-19 23:15:32,3,2.30,1,N,186,229,1,10.5,0.5,0.5,2.5,0,0.3,14.3
1,2017-01-19 23:36:52,2017-01-19 23:53:32,1,7.40,1,N,164,160,1,22.5,0.5,0.5,5.85,5.54,0.3,35.19
2,2017-01-20 00:19:23,2017-01-20 00:25:59,1,1.56,1,N,75,151,1,7.5,0.5,0.5,1.76,0,0.3,10.56
1,2017-01-20 01:22:45,2017-01-20 01:28:47,1,.70,1,N,48,162,1,6,0.5,0.5,1,0,0.3,8.3
2,2017-01-20 03:30:32,2017-01-20 03:35:37,1,.52,1,N,234,164,1,5.5,0.5,0.5,2.04,0,0.3,8.84
1,2017-01-20 06:22:28,2017-01-20 06:24:58,1,.70,1,N,140,141,1,4.5,0,0.5,2,0,0.3,7.3
1,2017-01-20 07:17:26,2017-01-20 07:23:23,1,.50,1,N,140,140,1,5.5,0,0.5,1.25,0,0.3,7.55
1,2017-01-20 07:53:42,2017-01-20 08:00:57,1,.50,1,N,230,161,1,6,0,0.5,1,0,0.3,7.8
1,2017-01-20 08:26:50,2017-01-20 08:37:37,1,1.20,1,N,237,162,1,8.5,0,0.5,1,0,0.3,10.3
1,2017-01-20 08:59:33,2017-01-20 09:11:21,1,1.90,1,N,264,158,1,10,0,0.5,2.7,0,0.3,13.5
1,2017-01-20 09:34:51,2017-01-20 09:53:28,1,2.00,1,N,170,142,1,12.5,0,0.5,2.65,0,0.3,15.95
1,2017-01-22 03:00:00,2017-01-22 03:16:49,1,3.90,1,N,161,226,2,15.5,0.5,0.5,0,0,0.3,16.8
1,2017-01-22 03:47:45,2017-01-22 03:56:20,1,2.90,1,N,224,141,1,10,0.5,0.5,2.25,0,0.3,13.55
1,2017-01-20 10:20:37,2017-01-20 10:44:11,1,2.90,1,N,186,144,2,16,0,0.5,0,0,0.3,16.8
2,2017-01-20 11:02:06,2017-01-20 11:20:13,1,2.15,1,N,170,142,2,13,0,0.5,0,0,0.3,13.8
2,2017-01-20 11:43:50,2017-01-20 12:01:34,1,1.74,1,N,234,246,1,12,0,0.5,3.2,0,0.3,16
2,2017-01-20 12:21:57,2017-01-20 12:38:41,3,2.49,1,N,163,263,2,12,0,0.5,0,0,0.3,12.8
2,2017-01-20 13:00:28,2017-01-20 13:07:21,1,1.09,1,N,234,249,1,6.5,0,0.5,1.46,0,0.3,8.76
2,2017-01-20 13:38:59,2017-01-20 13:47:11,2,1.17,1,N,43,237,2,7.5,0,0.5,0,0,0.3,8.3
1,2017-01-20 14:14:45,2017-01-20 14:14:45,1,.00,1,N,138,264,2,37.5,0,0.5,0,0,0.3,38.3
1,2017-01-20 14:49:15,2017-01-20 15:05:47,2,3.00,1,N,163,249,2,13,0,0.5,0,0,0.3,13.8
1,2017-01-20 15:21:54,2017-01-20 15:34:56,2,2.30,1,N,161,158,1,10.5,0,0.5,3,0,0.3,14.3
2,2017-01-20 15:52:28,2017-01-20 16:12:57,1,1.64,1,N,230,246,2,13.5,0,0.5,0,0,0.3,14.3
2,2017-01-20 16:26:45,2017-01-20 17:10:46,5,10.95,1,N,132,36,2,36,1,0.5,0,0,0.3,37.8
2,2017-01-20 17:02:31,2017-01-20 17:15:36,1,1.99,1,N,162,234,2,10,1,0.5,0,0,0.3,11.8
2,2017-01-20 17:35:17,2017-01-20 17:46:16,2,.91,1,N,107,186,1,8,1,0.5,1.96,0,0.3,11.76
1,2017-01-20 18:04:30,2017-01-20 18:07:10,1,.40,1,N,236,236,1,4,1,0.5,1.7,0,0.3,7.5
2,2017-01-20 18:31:50,2017-01-20 18:38:25,2,1.16,1,N,263,141,1,6.5,1,0.5,1.66,0,0.3,9.96
2,2017-01-20 18:59:08,2017-01-20 19:08:26,1,1.40,1,N,107,113,1,7.5,1,0.5,1.86,0,0.3,11.16
1,2017-01-20 19:26:19,2017-01-20 19:36:18,2,1.20,1,N,140,237,1,8,1,0.5,1.95,0,0.3,11.75
1,2017-01-20 19:54:43,2017-01-20 19:59:20,1,.50,1,N,90,186,1,4.5,0.5,0.5,2,0.5,0.3,8.3
2,2017-01-20 20:25:21,2017-01-20 20:32:39,1,1.50,1,N,186,50,1,7.5,0.5,0.5,1.76,0,0.3,10.56
1,2017-01-20 20:59:25,2017-01-20 21:15:09,1,1.00,1,N,107,249,1,10.5,0.5,0.5,2.35,0,0.3,14.15
2,2017-01-20 21:33:03,2017-01-20 21:43:47,2,2.22,1,N,43,230,1,10,0.5,0.5,2.26,0,0.3,13.56
1,2017-01-20 22:05:19,2017-01-20 22:12:07,1,1.10,1,N,90,158,2,6.5,0.5,0.5,0,0,0.3,7.8
2,2017-01-20 22:38:03,2017-01-20 22:47:47,1,1.55,1,N,164,50,2,8,0.5,0.5,0,0,0.3,9.3
1,2017-01-20 23:09:09,2017-01-20 23:24:42,4,2.90,1,N,234,236,2,13,0.5,0.5,0,0,0.3,14.3
2,2017-01-20 23:41:34,2017-01-20 23:51:34,3,2.16,1,N,263,163,2,9.5,0.5,0.5,0,0,0.3,10.8
1,2017-01-21 00:15:51,2017-01-21 00:24:36,1,1.60,1,N,181,33,2,8.5,0.5,0.5,0,0,0.3,9.8
2,2017-01-21 00:53:21,2017-01-21 01:03:03,1,2.54,1,N,114,163,2,10,0.5,0.5,0,0,0.3,11.3
2,2017-01-21 01:33:49,2017-01-21 01:54:42,1,4.60,1,N,231,37,1,18,0.5,0.5,3.86,0,0.3,23.16
1,2017-01-21 02:19:07,2017-01-21 02:28:14,1,2.00,1,N,170,230,1,9,0.5,0.5,1.8,0,0.3,12.1
1,2017-01-21 03:14:23,2017-01-21 03:16:59,1,.30,1,N,148,144,1,3.5,0.5,0.5,0.95,0,0.3,5.75
2,2017-01-21 04:23:00,2017-01-21 04:28:42,5,.85,1,N,114,113,2,6,0.5,0.5,0,0,0.3,7.3
1,2017-01-21 06:53:30,2017-01-21 06:55:46,1,.60,1,N,263,75,1,4,0,0.5,2,0,0.3,6.8
1,2017-01-21 08:34:14,2017-01-21 08:45:05,1,2.10,1,N,68,161,1,9.5,0,0.5,2.05,0,0.3,12.35
1,2017-01-21 09:33:34,2017-01-21 09:48:27,2,3.20,1,N,140,230,1,13,0,0.5,2.75,0,0.3,16.55
2,2017-01-21 10:17:11,2017-01-21 10:48:17,3,5.22,1,N,166,233,1,22.5,0,0.5,4.66,0,0.3,27.96
2,2017-01-21 10:57:16,2017-01-21 11:00:40,6,.86,1,N,164,230,1,5,0,0.5,1.16,0,0.3,6.96
1,2017-01-22 04:26:31,2017-01-22 04:28:52,1,.40,1,N,148,148,1,4,0.5,0.5,1.05,0,0.3,6.35
1,2017-01-22 07:10:01,2017-01-22 07:15:55,1,1.70,1,N,236,238,2,7.5,0,0.5,0,0,0.3,8.3
2,2017-01-22 11:00:49,2017-01-22 11:09:29,1,2.52,1,N,143,43,1,9.5,0,0.5,1.54,0,0.3,11.84
2,2017-01-21 11:44:56,2017-01-21 11:49:29,2,.82,1,N,263,141,1,5,0,0.5,1,0,0.3,6.8
1,2017-01-21 12:20:01,2017-01-21 12:30:34,1,1.60,1,N,113,100,1,9,0,0.5,1.95,0,0.3,11.75
2,2017-01-21 12:55:54,2017-01-21 13:06:09,2,1.18,1,N,68,170,2,8,0,0.5,0,0,0.3,8.8
2,2017-01-21 13:34:27,2017-01-21 14:25:54,1,21.81,1,N,132,40,1,62.5,0,0.5,12.66,0,0.3,75.96
1,2017-01-21 14:13:23,2017-01-21 14:18:09,1,1.10,1,N,137,107,2,6,0,0.5,0,0,0.3,6.8
2,2017-01-21 14:52:24,2017-01-21 14:56:52,1,1.30,1,N,170,79,2,6,0,0.5,0,0,0.3,6.8
2,2017-01-21 15:29:13,2017-01-21 15:35:43,1,1.04,1,N,113,211,2,6.5,0,0.5,0,0,0.3,7.3
2,2017-01-21 16:06:41,2017-01-21 16:24:23,3,1.84,1,N,100,237,2,12,0,0.5,0,0,0.3,12.8
2,2017-01-21 16:46:46,2017-01-21 17:00:47,1,2.01,1,N,79,158,2,10.5,0,0.5,0,0,0.3,11.3
2,2017-01-22 09:34:16,2017-01-22 09:45:56,1,2.79,1,N,262,162,1,11.5,0,0.5,5,0,0.3,17.3
2,2017-01-21 17:28:25,2017-01-21 17:35:34,1,1.10,1,N,90,246,1,6.5,0,0.5,1.46,0,0.3,8.76
2,2017-01-21 18:01:47,2017-01-21 18:03:25,2,.42,1,N,186,68,2,3.5,0,0.5,0,0,0.3,4.3
2,2017-01-21 18:33:00,2017-01-21 19:13:57,1,5.13,1,N,148,263,2,26.5,0,0.5,0,0,0.3,27.3
1,2017-01-21 19:03:28,2017-01-21 19:26:44,4,3.30,1,N,68,143,1,17,0,0.5,3.56,0,0.3,21.36
2,2017-01-21 19:32:33,2017-01-21 19:49:32,2,5.96,1,N,13,100,2,19.5,0,0.5,0,0,0.3,20.3
2,2017-01-21 20:03:53,2017-01-21 20:20:03,1,2.24,1,N,164,141,2,12.5,0.5,0.5,0,0,0.3,13.8
2,2017-01-21 20:40:18,2017-01-21 20:51:44,2,1.41,1,N,164,249,1,8.5,0.5,0.5,1.96,0,0.3,11.76
1,2017-01-21 21:17:35,2017-01-21 21:20:30,1,.50,1,N,236,236,1,4.5,0.5,0.5,1,0,0.3,6.8
1,2017-01-21 21:53:47,2017-01-21 22:04:56,1,2.40,1,N,48,237,1,10.5,0.5,0.5,1.5,0,0.3,13.3
1,2017-01-22 10:00:56,2017-01-22 10:07:58,1,1.10,1,N,48,162,2,6.5,0,0.5,0,0,0.3,7.3
1,2017-01-21 22:27:47,2017-01-21 22:32:41,1,.80,1,N,142,43,1,5.5,0.5,0.5,1.7,0,0.3,8.5
1,2017-01-21 22:57:47,2017-01-21 23:16:46,2,4.00,1,N,79,262,1,16,0.5,0.5,2.6,0,0.3,19.9
1,2017-01-21 23:27:30,2017-01-21 23:33:50,4,1.30,1,N,170,90,2,7,0.5,0.5,0,0,0.3,8.3
2,2017-01-21 23:58:32,2017-01-22 00:06:38,1,2.20,1,N,237,263,1,9,0.5,0.5,2.2,0,0.3,12.5
1,2017-01-22 00:29:39,2017-01-22 00:43:33,1,2.60,1,N,100,79,1,11.5,0.5,0.5,2.55,0,0.3,15.35
1,2017-01-22 01:01:45,2017-01-22 01:13:26,1,3.50,1,N,244,74,2,13.5,0.5,0.5,0,0,0.3,14.8
2,2017-01-09 12:28:00,2017-01-09 12:51:30,1,8.58,1,N,68,244,2,27,0,0.5,0,0,0.3,27.8
2,2017-01-09 13:10:57,2017-01-09 13:15:00,1,.75,1,N,231,231,1,5,0,0.5,1.16,0,0.3,6.96
2,2017-01-09 13:52:23,2017-01-09 13:57:37,1,.81,1,N,237,140,1,5.5,0,0.5,1.26,0,0.3,7.56
1,2017-01-09 14:31:38,2017-01-09 14:37:11,1,.70,1,N,43,236,1,5.5,0,0.5,1.25,0,0.3,7.55
1,2017-01-09 15:06:46,2017-01-09 15:14:18,1,1.00,1,N,236,237,1,7,0,0.5,1.56,0,0.3,9.36
2,2017-01-09 15:41:10,2017-01-09 15:57:37,1,2.15,1,N,236,161,1,12,0,0.5,2,0,0.3,14.8
2,2017-01-09 16:18:54,2017-01-09 16:22:22,1,.60,1,N,236,237,2,4.5,1,0.5,0,0,0.3,6.3
1,2017-01-09 16:58:41,2017-01-09 17:12:55,1,2.70,1,N,142,164,1,11.5,1,0.5,1.7,0,0.3,15
2,2017-01-09 17:33:31,2017-01-09 17:51:54,3,2.02,1,N,234,144,1,12.5,1,0.5,3,0,0.3,17.3
2,2017-01-09 18:04:05,2017-01-09 18:11:07,5,1.00,1,N,211,231,2,6.5,1,0.5,0,0,0.3,8.3
2,2017-01-09 18:32:51,2017-01-09 18:46:05,1,2.02,1,N,158,224,1,10.5,1,0.5,2.46,0,0.3,14.76
1,2017-01-09 19:01:40,2017-01-09 19:38:54,1,5.80,1,N,137,40,2,25,1,0.5,0,0,0.3,26.8
2,2017-01-09 19:31:03,2017-01-09 19:40:58,1,1.41,1,N,237,162,1,8,1,0.5,1.5,0,0.3,11.3
1,2017-01-09 20:13:02,2017-01-09 20:23:27,1,1.60,1,N,162,100,1,8.5,0.5,0.5,2.45,0,0.3,12.25
1,2017-01-09 20:36:36,2017-01-09 20:43:31,1,1.40,1,N,107,162,1,7,0.5,0.5,1.65,0,0.3,9.95
2,2017-01-09 21:12:25,2017-01-09 21:31:15,3,3.17,1,N,125,233,1,14.5,0.5,0.5,0,0,0.3,15.8
1,2017-01-09 21:49:32,2017-01-09 21:53:17,1,1.00,1,N,74,75,2,5.5,0,0.5,0,0,0.3,6.3
2,2017-01-09 22:31:04,2017-01-09 22:35:22,2,.34,1,N,237,236,2,4,0.5,0.5,0,0,0.3,5.3
2,2017-01-09 23:28:39,2017-01-09 23:36:31,2,1.55,1,N,234,79,2,7.5,0.5,0.5,0,0,0.3,8.8
1,2017-01-10 00:54:56,2017-01-10 00:59:16,1,.90,1,N,233,163,2,5.5,0.5,0.5,0,0,0.3,6.8
1,2017-01-10 05:26:47,2017-01-10 05:30:03,1,.40,1,N,249,249,1,4,0.5,0.5,1.06,0,0.3,6.36
2,2017-01-10 06:53:44,2017-01-10 07:00:01,1,1.00,1,N,41,166,2,6,0,0.5,0,0,0.3,6.8
1,2017-01-10 07:35:41,2017-01-10 07:39:00,1,.70,1,N,181,181,1,4.5,0,0.5,0,0,0.3,5.3
1,2017-01-10 08:07:41,2017-01-10 08:14:02,1,.90,1,N,141,162,1,6.5,0,0.5,1.04,0,0.3,8.34
1,2017-01-10 08:38:42,2017-01-10 08:46:00,1,1.10,1,N,125,158,1,6.5,0,0.5,1.1,0,0.3,8.4
2,2017-01-10 09:09:07,2017-01-10 09:33:15,2,2.54,1,N,143,162,2,16,0,0.5,0,0,0.3,16.8
1,2017-01-10 09:43:01,2017-01-10 10:02:51,2,4.60,1,N,162,45,2,18.5,0,0.5,0,0,0.3,19.3
2,2017-01-10 10:20:22,2017-01-10 10:32:03,1,.98,1,N,161,163,1,8.5,0,0.5,1.86,0,0.3,11.16
1,2017-01-10 12:39:04,2017-01-10 12:45:03,1,.30,1,N,145,145,2,5.5,0.5,0.5,0,0,0.3,6.8
2,2017-01-10 11:04:09,2017-01-10 11:12:08,1,1.01,1,N,224,107,1,7,0,0.5,1.95,0,0.3,9.75
1,2017-01-10 11:46:20,2017-01-10 12:21:14,3,5.90,1,N,239,113,2,25.5,0,0.5,0,0,0.3,26.3
2,2017-01-10 13:02:58,2017-01-10 13:23:52,2,1.93,1,N,87,114,1,14,0,0.5,3.7,0,0.3,18.5
2,2017-01-10 16:14:44,2017-01-10 16:32:07,1,2.21,1,N,142,236,1,12.5,1,0.5,2.86,0,0.3,17.16
2,2017-01-10 13:47:40,2017-01-10 14:02:00,1,1.42,1,N,186,161,2,9.5,0,0.5,0,0,0.3,10.3
2,2017-01-10 14:24:38,2017-01-10 14:29:47,3,.91,1,N,42,166,2,5.5,0,0.5,0,0,0.3,6.3
1,2017-01-10 15:00:00,2017-01-10 15:12:35,1,1.30,1,N,233,237,2,9,0,0.5,0,0,0.3,9.8
2,2017-01-10 16:06:10,2017-01-10 16:15:35,3,1.79,1,N,186,50,1,8.5,1,0.5,1,0,0.3,11.3
1,2017-01-10 15:37:16,2017-01-10 15:44:09,1,1.10,1,N,230,170,1,6.5,0,0.5,1.45,0,0.3,8.75
2,2017-01-10 17:27:52,2017-01-10 17:35:48,4,1.00,1,N,142,143,2,7,1,0.5,0,0,0.3,8.8
2,2017-01-10 20:08:55,2017-01-10 20:20:09,1,1.71,1,N,230,239,1,9.5,0.5,0.5,2.16,0,0.3,12.96
1,2017-01-10 18:02:36,2017-01-10 18:10:59,1,1.50,1,N,43,142,1,8,1,0.5,1.95,0,0.3,11.75
1,2017-01-10 18:31:42,2017-01-10 18:33:40,1,.40,1,N,237,237,1,3.5,1,0.5,1.05,0,0.3,6.35
2,2017-01-10 19:01:28,2017-01-10 19:09:00,1,1.28,1,N,231,261,1,7,1,0.5,1.76,0,0.3,10.56
2,2017-01-10 19:31:42,2017-01-10 19:35:07,1,.71,1,N,230,142,2,4.5,1,0.5,0,0,0.3,6.3
1,2017-01-10 20:32:08,2017-01-10 20:32:10,1,2.30,1,N,234,234,1,2.5,0.5,0.5,12,0,0.3,15.8
2,2017-01-10 21:04:28,2017-01-10 21:14:45,2,2.59,1,N,262,142,1,10.5,0.5,0.5,2.36,0,0.3,14.16
1,2017-01-10 21:39:29,2017-01-10 21:53:22,1,3.30,1,N,231,25,1,13,0.5,0.5,3.55,0,0.3,17.85
1,2017-01-10 22:14:38,2017-01-10 22:41:41,1,14.40,1,N,264,264,1,41,0.5,0.5,5,5.54,0.3,52.84
2,2017-01-10 22:55:32,2017-01-10 23:11:15,3,3.23,1,N,79,43,1,13,0.5,0.5,3.58,0,0.3,17.88
2,2017-01-10 23:54:24,2017-01-11 00:20:26,1,7.34,1,N,230,17,2,25.5,0.5,0.5,0,0,0.3,26.8
2,2017-01-11 01:39:16,2017-01-11 01:45:26,2,.52,1,N,249,249,1,5.5,0.5,0.5,0,0,0.3,6.8
2,2017-01-11 05:52:25,2017-01-11 06:18:41,5,11.75,1,N,163,138,1,34,0.5,0.5,8.17,5.54,0.3,49.01
1,2017-01-11 07:04:04,2017-01-11 07:06:09,1,.50,1,N,234,90,1,4,0,0.5,0.48,0,0.3,5.28
2,2017-01-11 07:43:15,2017-01-11 07:59:32,1,2.18,1,N,162,68,1,11.5,0,0.5,2.46,0,0.3,14.76
2,2017-01-11 08:14:39,2017-01-11 08:23:51,1,1.49,1,N,129,157,2,7.5,0,0.5,0,0,0.3,8.3
2,2017-01-11 08:46:58,2017-01-11 09:18:33,1,3.20,1,N,229,68,2,20,0,0.5,0,0,0.3,20.8
2,2017-01-11 09:19:31,2017-01-11 09:37:41,1,2.30,1,N,75,43,1,13,0,0.5,2.76,0,0.3,16.56
1,2017-01-11 20:58:55,2017-01-11 21:10:01,1,1.60,1,N,79,90,1,8.5,0.5,0.5,2.9,0,0.3,12.7
1,2017-01-11 21:20:57,2017-01-11 21:34:51,1,5.90,1,N,87,229,2,18,0.5,0.5,0,0,0.3,19.3
1,2017-01-11 10:02:53,2017-01-11 10:12:32,1,.60,1,N,48,186,1,7,0,0.5,3,0,0.3,10.8
2,2017-01-11 10:44:19,2017-01-11 10:58:40,1,2.15,1,N,230,140,2,10.5,0,0.5,0,0,0.3,11.3
1,2017-01-11 11:27:38,2017-01-11 11:37:28,1,1.70,1,N,234,125,2,8.5,0,0.5,0,0,0.3,9.3
2,2017-01-11 21:53:35,2017-01-11 22:00:40,6,1.19,1,N,230,142,2,6.5,0.5,0.5,0,0,0.3,7.8
1,2017-01-11 12:10:59,2017-01-11 12:31:04,1,2.10,1,N,107,230,1,14,0,0.5,2,0,0.3,16.8
2,2017-01-11 12:50:45,2017-01-11 13:01:44,2,.89,1,N,90,113,2,8,0,0.5,0,0,0.3,8.8
2,2017-01-11 13:31:32,2017-01-11 13:54:00,1,2.78,1,N,161,211,2,15.5,0,0.5,0,0,0.3,16.3
2,2017-01-11 14:09:44,2017-01-11 14:19:55,1,1.55,1,N,48,143,2,8.5,0,0.5,0,0,0.3,9.3
2,2017-01-11 14:47:25,2017-01-11 15:47:49,1,17.36,2,N,132,237,1,52,0,0.5,10.56,0,0.3,63.36
2,2017-01-11 15:22:45,2017-01-11 15:41:07,2,3.06,1,N,186,231,1,14,0,0.5,2.96,0,0.3,17.76
2,2017-01-11 16:00:32,2017-01-11 16:27:47,1,4.18,1,N,13,230,1,19.5,0,0.5,4.06,0,0.3,24.36
1,2017-01-11 16:40:41,2017-01-11 16:51:56,1,1.50,1,N,48,230,1,9,1,0.5,3.2,0,0.3,14
2,2017-01-11 17:20:20,2017-01-11 17:38:10,2,2.25,1,N,237,75,1,12.5,1,0.5,2.86,0,0.3,17.16
2,2017-01-11 17:53:40,2017-01-11 18:03:38,5,1.29,1,N,186,113,1,8,1,0.5,2.45,0,0.3,12.25
2,2017-01-11 18:24:04,2017-01-11 19:24:54,2,10.14,1,N,141,190,1,41,1,0.5,8,0,0.3,50.8
2,2017-01-11 18:52:54,2017-01-11 19:10:30,1,2.10,1,N,148,186,2,12.5,1,0.5,0,0,0.3,14.3
2,2017-01-11 19:21:58,2017-01-11 19:25:10,1,.51,1,N,239,239,2,4,1,0.5,0,0,0.3,5.8
2,2017-01-11 19:52:12,2017-01-11 20:09:43,2,2.43,1,N,229,143,2,13,1,0.5,0,0,0.3,14.8
2,2017-01-11 20:23:42,2017-01-11 21:09:51,5,17.92,2,N,132,230,1,52,0,0.5,11.67,5.54,0.3,70.01
1,2017-01-11 22:10:08,2017-01-11 22:19:48,1,1.30,1,N,142,162,1,8.5,0.5,0.5,1.95,0,0.3,11.75
2,2017-01-11 22:40:05,2017-01-11 22:51:44,1,1.93,1,N,164,113,1,9.5,0.5,0.5,2.16,0,0.3,12.96
1,2017-01-11 23:13:49,2017-01-11 23:27:21,1,2.70,1,N,161,224,1,11.5,0.5,0.5,2.55,0,0.3,15.35
2,2017-01-12 00:03:40,2017-01-12 00:17:35,1,3.28,1,N,249,66,1,13,0.5,0.5,2.86,0,0.3,17.16
2,2017-01-12 01:34:10,2017-01-12 01:48:25,5,3.90,1,N,144,50,2,13.5,0.5,0.5,0,0,0.3,14.8
1,2017-01-12 05:36:50,2017-01-12 05:39:40,1,.60,1,N,238,24,2,4.5,0.5,0.5,0,0,0.3,5.8
2,2017-01-12 06:56:38,2017-01-12 07:09:20,2,2.41,1,N,236,161,1,11.5,0,0.5,2.46,0,0.3,14.76
1,2017-01-12 07:38:08,2017-01-12 08:05:27,1,5.70,1,N,263,112,1,22.5,0,0.5,4.65,0,0.3,27.95
2,2017-01-12 08:09:46,2017-01-12 08:41:27,1,3.98,1,N,24,140,1,20.5,0,0.5,4.26,0,0.3,25.56
2,2017-01-12 08:41:51,2017-01-12 08:48:09,2,1.24,1,N,113,68,1,6.5,0,0.5,1.46,0,0.3,8.76
2,2017-01-12 09:13:58,2017-01-12 09:18:10,1,.94,1,N,79,107,1,5,0,0.5,1.16,0,0.3,6.96
2,2017-01-12 09:50:01,2017-01-12 09:56:58,1,.86,1,N,48,186,2,6,0,0.5,0,0,0.3,6.8
2,2017-01-12 10:30:24,2017-01-12 10:37:29,1,1.05,1,N,43,239,1,7,0,0.5,1.56,0,0.3,9.36
2,2017-01-12 11:12:54,2017-01-12 11:28:19,5,6.19,1,N,162,261,1,20,0,0.5,4.16,0,0.3,24.96
2,2017-01-12 11:53:11,2017-01-12 11:56:22,1,.33,1,N,262,262,1,4,0,0.5,0.96,0,0.3,5.76
2,2017-01-12 12:30:37,2017-01-12 12:40:28,1,2.07,1,N,114,246,2,9,0,0.5,0,0,0.3,9.8
2,2017-01-12 13:09:05,2017-01-12 13:17:44,1,1.09,1,N,140,229,1,7.5,0,0.5,1.66,0,0.3,9.96
2,2017-01-12 13:47:32,2017-01-12 14:00:50,5,2.04,1,N,143,236,1,10.5,0,0.5,2.26,0,0.3,13.56
1,2017-01-12 14:25:16,2017-01-12 14:43:07,2,1.90,1,N,142,162,2,12.5,0,0.5,0,0,0.3,13.3
1,2017-01-12 15:00:09,2017-01-12 15:06:53,1,.90,1,N,238,238,1,6.5,0,0.5,1,0,0.3,8.3
2,2017-01-12 15:35:24,2017-01-12 15:39:08,3,.71,1,N,230,163,1,4.5,0,0.5,1.06,0,0.3,6.36
1,2017-01-12 16:11:44,2017-01-12 16:39:20,1,4.10,1,N,166,163,1,19,1,0.5,4.15,0,0.3,24.95
2,2017-01-12 16:50:52,2017-01-12 17:01:27,1,2.32,1,N,231,186,1,10,1,0.5,2,0,0.3,13.8
2,2017-01-12 17:27:35,2017-01-12 17:35:34,1,.76,1,N,170,186,2,6.5,1,0.5,0,0,0.3,8.3
2,2017-01-12 17:59:38,2017-01-12 18:56:10,1,19.08,1,N,132,97,2,56,1,0.5,0,0,0.3,57.8
2,2017-01-12 18:28:46,2017-01-12 18:37:59,1,1.29,1,N,238,142,1,7.5,1,0.5,1,0,0.3,10.3
1,2017-01-14 15:38:02,2017-01-14 15:44:50,1,1.00,1,N,79,224,1,6.5,0,0.5,1.45,0,0.3,8.75
2,2017-01-12 18:58:17,2017-01-12 19:07:07,1,1.12,1,N,237,263,1,7.5,1,0.5,1,0,0.3,10.3
1,2017-01-12 19:26:24,2017-01-12 19:36:43,1,1.30,1,N,141,162,2,8,1,0.5,0,0,0.3,9.8
1,2017-01-12 19:55:20,2017-01-12 20:04:05,1,1.50,1,N,186,163,1,7.5,1,0.5,1,0,0.3,10.3
1,2017-01-12 20:25:53,2017-01-12 20:35:29,1,1.40,1,N,162,48,1,8.5,0.5,0.5,2.9,0,0.3,12.7
2,2017-01-12 20:57:00,2017-01-12 21:07:20,5,2.47,1,N,114,13,2,11,0.5,0.5,0,0,0.3,12.3
1,2017-01-12 21:27:27,2017-01-12 21:40:12,2,3.40,1,N,48,151,2,12,0.5,0.5,0,0,0.3,13.3
2,2017-01-12 21:57:01,2017-01-12 22:04:54,1,1.21,1,N,162,233,1,7,0.5,0.5,1.66,0,0.3,9.96
2,2017-01-12 22:27:19,2017-01-12 22:35:44,1,1.47,1,N,170,79,1,8,0.5,0.5,1.86,0,0.3,13.11
2,2017-01-12 22:59:05,2017-01-12 23:23:18,6,5.08,1,N,143,148,1,19.5,0.5,0.5,0,0,0.3,20.8
2,2017-01-12 23:36:41,2017-01-12 23:40:44,1,1.06,1,N,114,107,1,5.5,0.5,0.5,1,0,0.3,7.8
1,2017-01-13 00:21:58,2017-01-13 00:25:38,1,.60,1,N,161,100,2,4.5,0.5,0.5,0,0,0.3,5.8
1,2017-01-13 01:28:59,2017-01-13 01:37:46,1,2.00,1,N,144,90,2,9,0.5,0.5,0,0,0.3,10.3
1,2017-01-13 03:29:16,2017-01-13 03:33:05,1,.60,1,N,234,170,1,4.5,0.5,0.5,0,0,0.3,5.8
2,2017-01-13 06:15:13,2017-01-13 06:25:14,2,2.97,1,N,170,231,1,11,0,0.5,1,0,0.3,12.8
2,2017-01-13 07:12:20,2017-01-13 07:19:45,5,1.56,1,N,162,48,2,7.5,0,0.5,0,0,0.3,8.3
2,2017-01-13 07:50:02,2017-01-13 08:00:08,1,1.23,1,N,142,230,1,8.5,0,0.5,1.2,0,0.3,10.5
2,2017-01-13 08:24:03,2017-01-13 08:49:49,1,3.16,1,N,249,161,1,17.5,0,0.5,1,0,0.3,19.3
1,2017-01-13 08:59:11,2017-01-13 09:14:35,1,2.50,1,N,263,166,2,12,0,0.5,0,0,0.3,12.8
1,2017-01-13 09:36:46,2017-01-13 09:48:24,1,2.10,1,N,161,68,1,10,0,0.5,2.7,0,0.3,13.5
2,2017-01-13 10:19:41,2017-01-13 10:31:21,1,1.83,1,N,239,166,2,10,0,0.5,0,0,0.3,10.8
2,2017-01-13 11:03:44,2017-01-13 11:10:12,1,1.11,1,N,42,41,2,6.5,0,0.5,0,0,0.3,7.3
2,2017-01-13 11:48:43,2017-01-13 12:03:40,1,2.52,1,N,43,142,1,12,0,0.5,2.56,0,0.3,15.36
2,2017-01-13 12:31:45,2017-01-13 13:16:55,1,10.78,1,N,138,37,1,37,0,0.5,0,0,0.3,37.8
2,2017-01-13 13:13:46,2017-01-13 13:27:45,5,1.52,1,N,262,237,1,10,0,0.5,2.16,0,0.3,12.96
2,2017-01-13 13:53:13,2017-01-13 14:00:07,1,.75,1,N,263,236,2,6,0,0.5,0,0,0.3,6.8
1,2017-01-13 14:28:51,2017-01-13 14:39:22,1,1.50,1,N,161,234,2,8.5,0,0.5,0,0,0.3,9.3
2,2017-01-13 15:01:33,2017-01-13 15:12:36,3,1.60,1,N,79,170,1,9,0,0.5,1.96,0,0.3,11.76
2,2017-01-13 15:33:38,2017-01-13 15:42:54,3,1.02,1,N,142,50,1,7.5,0,0.5,1.66,0,0.3,9.96
2,2017-01-13 16:08:38,2017-01-13 16:11:17,1,.37,1,N,238,239,1,4,1,0.5,1.16,0,0.3,6.96
1,2017-01-13 16:46:08,2017-01-13 16:58:59,1,1.90,1,N,48,90,1,10,1,0.5,2.35,0,0.3,14.15
1,2017-01-13 17:21:20,2017-01-13 17:32:46,3,1.10,1,N,163,48,1,8.5,1,0.5,2.05,0,0.3,12.35
2,2017-01-13 17:51:10,2017-01-13 19:05:39,1,10.55,1,N,138,68,1,50.5,1,0.5,5,5.54,0.3,62.84
1,2017-01-13 18:18:05,2017-01-13 18:35:29,1,2.00,1,N,163,137,1,12,1,0.5,5,0,0.3,18.8
2,2017-01-13 18:43:48,2017-01-13 19:06:01,1,2.38,1,N,142,170,2,15,1,0.5,0,0,0.3,16.8
2,2017-01-13 19:09:09,2017-01-13 19:21:01,1,1.11,1,N,158,79,2,8.5,1,0.5,0,0,0.3,10.3
1,2017-01-13 19:34:41,2017-01-13 19:47:02,1,1.70,1,N,229,164,1,9.5,1,0.5,1.5,0,0.3,12.8
2,2017-01-13 20:01:28,2017-01-13 20:48:24,1,8.44,1,N,164,244,1,34.5,0.5,0.5,8.95,0,0.3,44.75
2,2017-01-13 20:30:23,2017-01-13 20:49:04,2,4.24,1,N,263,116,1,16,0.5,0.5,3.46,0,0.3,20.76
1,2017-01-13 21:00:25,2017-01-13 21:07:59,1,.90,1,N,236,263,1,6.5,0.5,0.5,1.55,0,0.3,9.35
1,2017-01-13 21:31:10,2017-01-13 21:54:10,2,2.90,1,N,234,209,1,15.5,0.5,0.5,3.35,0,0.3,20.15
2,2017-01-13 22:00:53,2017-01-13 22:13:01,1,1.38,1,N,114,79,1,9,0.5,0.5,2.06,0,0.3,12.36
1,2017-01-13 22:28:54,2017-01-13 22:44:48,2,1.30,1,N,100,233,2,10.5,0.5,0.5,0,0,0.3,11.8
1,2017-01-13 22:57:39,2017-01-13 23:16:26,1,3.70,1,N,148,189,1,16,0.5,0.5,3.45,0,0.3,20.75
2,2017-01-13 23:27:26,2017-01-13 23:45:45,1,5.07,1,N,239,231,1,18,0.5,0.5,3.86,0,0.3,23.16
2,2017-01-13 23:59:30,2017-01-14 00:12:09,3,2.45,1,N,164,141,1,11,0.5,0.5,1.7,0,0.3,14
1,2017-01-14 00:32:08,2017-01-14 00:47:13,1,5.00,1,N,226,17,1,17,0.5,0.5,3.65,0,0.3,21.95
1,2017-01-14 01:09:27,2017-01-14 01:21:08,3,1.50,1,N,234,79,1,9,0.5,0.5,2.05,0,0.3,12.35
1,2017-01-14 01:49:32,2017-01-14 02:02:08,1,3.30,1,N,65,225,2,12.5,0.5,0.5,0,0,0.3,13.8
1,2017-01-14 02:33:53,2017-01-14 02:42:37,1,3.00,1,N,231,186,2,10.5,0.5,0.5,0,0,0.3,11.8
1,2017-01-14 03:30:05,2017-01-14 03:42:35,1,4.10,1,N,113,236,2,13.5,0.5,0.5,0,0,0.3,14.8
2,2017-01-14 04:49:33,2017-01-14 05:09:47,1,5.83,1,N,68,255,2,19.5,0.5,0.5,0,0,0.3,20.8
2,2017-01-14 07:31:43,2017-01-14 07:35:23,1,.00,1,N,164,164,2,4,0,0.5,0,0,0.3,4.8
2,2017-01-14 08:54:34,2017-01-14 08:57:41,1,.43,1,N,209,231,1,4,0,0.5,0,0,0.3,4.8
1,2017-01-14 16:01:09,2017-01-14 16:15:28,1,2.20,1,N,164,211,1,11,0,0.5,2,0,0.3,13.8
1,2017-01-14 09:51:41,2017-01-14 10:00:14,2,1.90,1,N,264,264,2,8.5,0,0.5,0,0,0.3,9.3
2,2017-01-14 10:36:29,2017-01-14 10:43:49,1,.00,1,N,93,93,2,6,0,0.5,0,0,0.3,6.8
2,2017-01-14 11:16:10,2017-01-14 11:22:56,1,.73,1,N,48,48,1,6,0,0.5,1.36,0,0.3,8.16
1,2017-01-14 11:52:05,2017-01-14 11:59:19,1,1.20,1,N,230,246,2,7,0,0.5,0,0,0.3,7.8
1,2017-01-14 12:26:56,2017-01-14 12:49:21,1,4.60,1,N,229,231,2,18,0,0.5,0,0,0.3,18.8
2,2017-01-14 13:00:55,2017-01-14 13:07:03,1,1.03,1,N,234,186,1,6,0,0.5,1,0,0.3,7.8
1,2017-01-14 16:51:53,2017-01-14 17:22:09,2,2.50,1,N,48,140,1,18.5,0,0.5,4.8,0,0.3,24.1
2,2017-01-14 13:36:47,2017-01-14 13:43:45,1,1.73,1,N,107,233,2,8,0,0.5,0,0,0.3,8.8
2,2017-01-14 17:07:29,2017-01-14 17:39:53,5,10.25,1,N,138,258,2,31.5,0,0.5,0,0,0.3,32.3
2,2017-01-14 14:12:52,2017-01-14 14:24:37,1,1.55,1,N,263,239,1,9.5,0,0.5,1.5,0,0.3,11.8
2,2017-01-14 14:44:43,2017-01-14 14:54:21,6,2.80,1,N,148,255,1,10.5,0,0.5,1,0,0.3,12.3
2,2017-01-14 15:13:54,2017-01-14 15:40:34,1,9.15,1,N,138,151,1,28,0,0.5,8.58,5.54,0.3,42.92
1,2017-01-16 02:47:07,2017-01-16 02:54:33,1,1.60,1,N,186,233,2,7.5,0.5,0.5,0,0,0.3,8.8
2,2017-01-16 06:16:21,2017-01-16 06:28:38,5,3.55,1,N,79,237,2,12.5,0,0.5,0,0,0.3,13.3
2,2017-01-16 07:58:17,2017-01-16 08:01:17,1,.82,1,N,170,186,2,4.5,0,0.5,0,0,0.3,5.3
2,2017-01-16 08:58:02,2017-01-16 09:01:20,1,.89,1,N,164,161,2,5,0,0.5,0,0,0.3,5.8
2,2017-01-16 09:50:27,2017-01-16 09:55:27,1,.74,1,N,230,186,2,5.5,0,0.5,0,0,0.3,6.3
1,2017-01-16 13:56:39,2017-01-16 14:02:56,2,1.50,1,N,233,79,2,7,0,0.5,0,0,0.3,7.8
2,2017-01-16 10:43:39,2017-01-16 10:48:47,1,.75,1,N,151,166,1,5.5,0,0.5,1.26,0,0.3,7.56
1,2017-01-16 11:29:26,2017-01-16 11:33:25,1,.70,1,N,239,238,1,5,0,0.5,1.15,0,0.3,6.95
1,2017-01-16 12:10:59,2017-01-16 12:21:28,1,1.20,1,N,161,48,4,8,0,0.5,0,0,0.3,8.8
1,2017-01-16 12:50:15,2017-01-16 12:53:40,1,.70,1,N,239,236,1,5,0,0.5,1.15,0,0.3,6.95
1,2017-01-16 13:30:12,2017-01-16 13:45:26,3,4.90,1,N,148,140,1,17,0,0.5,3.55,0,0.3,21.35
1,2017-01-16 00:25:20,2017-01-16 00:29:55,1,1.60,1,N,231,113,1,7,0.5,0.5,1,0,0.3,9.3
1,2017-01-16 01:51:09,2017-01-16 01:55:21,4,1.10,1,N,162,141,2,5.5,0.5,0.5,0,0,0.3,6.8
2,2017-01-23 07:05:17,2017-01-23 07:07:23,2,.37,1,N,233,161,1,3.5,0,0.5,3,0,0.3,7.3
2,2017-01-23 07:45:24,2017-01-23 08:23:14,1,10.98,1,N,138,162,1,34,0,0.5,10.08,5.54,0.3,50.42
2,2017-01-23 08:19:31,2017-01-23 08:26:48,1,1.76,1,N,179,145,1,7.5,0,0.5,2.49,0,0.3,10.79
1,2017-01-23 08:52:53,2017-01-23 08:59:11,1,.80,1,N,151,238,1,6,0,0.5,1.35,0,0.3,8.15
1,2017-01-23 09:27:58,2017-01-23 09:31:03,1,.30,1,N,100,48,1,4,0,0.5,1.2,0,0.3,6
2,2017-01-29 01:35:16,2017-01-29 01:47:29,2,1.82,1,N,158,170,1,10,0.5,0.5,2.26,0,0.3,13.56
2,2017-01-23 10:10:29,2017-01-23 10:27:09,1,2.68,1,N,113,246,1,13,0,0.5,3.45,0,0.3,17.25
2,2017-01-23 10:53:30,2017-01-23 11:01:40,1,.36,1,N,230,162,2,6.5,0,0.5,0,0,0.3,7.3
1,2017-01-23 11:38:09,2017-01-23 11:43:03,1,.70,1,N,142,163,1,5,0,0.5,1.15,0,0.3,6.95
2,2017-01-23 12:19:49,2017-01-23 12:23:11,2,1.11,1,N,163,164,1,5.5,0,0.5,1.26,0,0.3,7.56
1,2017-01-23 13:00:12,2017-01-23 13:05:54,1,.70,1,N,163,162,1,5.5,0,0.5,1,0,0.3,7.3
1,2017-01-23 13:40:55,2017-01-23 13:47:14,1,1.90,1,N,141,229,1,8.5,0,0.5,1,0,0.3,10.3
2,2017-01-23 14:20:30,2017-01-23 14:22:11,5,.60,1,N,236,236,1,3.5,0,0.5,0.43,0,0.3,4.73
2,2017-01-23 14:58:23,2017-01-23 15:10:15,1,2.18,1,N,237,238,1,10,0,0.5,2.16,0,0.3,12.96
2,2017-01-23 15:32:39,2017-01-23 15:36:13,6,.68,1,N,186,246,1,4.5,0,0.5,1.06,0,0.3,6.36
2,2017-01-23 16:06:57,2017-01-23 16:15:30,1,1.07,1,N,237,170,2,7,1,0.5,0,0,0.3,8.8
2,2017-01-23 16:47:13,2017-01-23 16:56:36,5,1.54,1,N,151,41,2,8.5,1,0.5,0,0,0.3,10.3
2,2017-01-23 17:23:02,2017-01-23 17:41:46,1,6.38,1,N,13,170,1,20.5,1,0.5,4.46,0,0.3,26.76
1,2017-01-23 17:53:45,2017-01-23 18:04:55,1,2.60,1,N,236,41,2,10.5,1,0.5,0,0,0.3,12.3
2,2017-01-23 18:22:20,2017-01-23 18:25:39,1,.47,1,N,68,246,2,4,1,0.5,0,0,0.3,5.8
1,2017-01-23 18:51:08,2017-01-23 19:10:30,1,2.20,1,N,48,137,1,13.5,1,0.5,1.25,0,0.3,16.55
1,2017-01-23 19:19:45,2017-01-23 19:43:16,1,3.30,1,N,233,239,1,16.5,1,0.5,2.75,0,0.3,21.05
1,2017-01-23 19:50:31,2017-01-23 19:56:23,1,.50,1,N,162,161,1,5.5,0.5,0.5,1.35,0,0.3,8.15
1,2017-01-23 20:24:06,2017-01-23 20:45:11,1,3.50,1,N,113,142,2,16,0.5,0.5,0,0,0.3,17.3
1,2017-01-23 21:00:58,2017-01-23 21:09:38,1,2.10,1,N,236,142,1,9,0.5,0.5,2.55,0,0.3,12.85
2,2017-01-29 02:20:42,2017-01-29 02:36:50,5,3.32,1,N,107,43,1,14,0.5,0.5,3.82,0,0.3,19.12
1,2017-01-23 21:42:49,2017-01-23 22:00:11,1,3.90,1,N,4,17,1,15.5,0.5,0.5,3.35,0,0.3,20.15
1,2017-01-23 22:24:47,2017-01-23 23:07:41,1,10.20,1,N,100,89,1,35,0.5,0.5,3.63,0,0.3,39.93
2,2017-01-29 03:01:23,2017-01-29 03:07:51,2,1.02,1,N,186,48,2,6,0.5,0.5,0,0,0.3,7.3
1,2017-01-23 23:23:13,2017-01-23 23:27:12,1,.80,1,N,151,238,1,5,0.5,0.5,1.25,0,0.3,7.55
2,2017-01-24 00:59:28,2017-01-24 01:10:58,6,2.26,1,N,79,158,1,10.5,0.5,0.5,1,0,0.3,12.8
2,2017-01-29 03:40:59,2017-01-29 03:48:10,1,1.20,1,N,238,151,1,7,0.5,0.5,1.24,0,0.3,9.54
2,2017-01-24 05:59:30,2017-01-24 06:07:13,1,2.51,1,N,41,236,2,9.5,0,0.5,0,0,0.3,10.3
2,2017-01-24 06:09:03,2017-01-24 06:15:49,6,2.08,1,N,4,45,2,8.5,0,0.5,0,0,0.3,9.3
1,2017-01-24 07:06:17,2017-01-24 07:14:08,1,1.50,1,N,239,236,1,7.5,0,0.5,1.25,0,0.3,9.55
1,2017-01-24 07:44:36,2017-01-24 07:54:01,1,.90,1,N,229,237,1,7.5,0,0.5,1.65,0,0.3,9.95
1,2017-01-29 14:57:41,2017-01-29 15:17:15,1,2.00,1,N,186,229,1,13.5,0,0.5,1.5,0,0.3,15.8
2,2017-01-24 08:20:02,2017-01-24 08:32:27,3,1.37,1,N,229,230,1,9,0,0.5,2.45,0,0.3,12.25
2,2017-01-24 08:51:26,2017-01-24 09:12:22,1,5.49,1,N,114,195,1,19.5,0,0.5,6,5.54,0.3,31.84
2,2017-01-24 09:22:45,2017-01-24 09:30:10,5,1.10,1,N,100,161,1,6.5,0,0.5,1.46,0,0.3,8.76
1,2017-01-24 09:57:30,2017-01-24 10:06:03,1,1.80,1,N,263,143,2,8.5,0,0.5,0,0,0.3,9.3
2,2017-01-24 10:38:33,2017-01-24 10:49:00,2,1.42,1,N,186,246,1,8.5,0,0.5,2.32,0,0.3,11.62
2,2017-01-24 11:16:34,2017-01-24 11:21:43,1,.57,1,N,114,113,1,5,0,0.5,1.16,0,0.3,6.96
2,2017-01-24 11:54:06,2017-01-24 12:18:15,2,4.94,1,N,261,143,2,19.5,0,0.5,0,0,0.3,20.3
1,2017-01-24 12:28:56,2017-01-24 12:37:53,1,.90,1,N,234,246,1,7,0,0.5,2.3,0,0.3,10.1
2,2017-01-24 13:01:04,2017-01-24 13:41:28,1,11.41,1,N,138,100,1,37.5,0,0.5,8.77,5.54,0.3,52.61
2,2017-01-24 13:36:54,2017-01-24 13:46:13,2,.86,1,N,90,249,2,7.5,0,0.5,0,0,0.3,8.3
2,2017-01-24 14:11:57,2017-01-24 14:45:17,1,11.07,1,N,138,161,1,35,0,0.5,8.27,5.54,0.3,49.61
1,2017-01-24 14:45:32,2017-01-24 14:58:11,1,1.50,1,N,249,246,1,10,0,0.5,1,0,0.3,11.8
1,2017-01-24 15:18:53,2017-01-24 15:32:32,1,1.40,1,N,140,162,1,9.5,0,0.5,1,0,0.3,11.3
1,2017-01-24 15:55:54,2017-01-24 16:08:07,1,1.30,1,N,142,48,1,9.5,1,0.5,2,0,0.3,13.3
1,2017-01-24 16:34:11,2017-01-24 16:49:55,1,1.40,1,N,237,161,2,10.5,1,0.5,0,0,0.3,12.3
1,2017-01-24 17:10:52,2017-01-24 17:22:25,2,1.90,1,N,238,142,1,9.5,1,0.5,2,0,0.3,13.3
2,2017-01-24 17:45:20,2017-01-24 17:48:06,1,.34,1,N,186,164,1,3.5,1,0.5,1.06,0,0.3,6.36
2,2017-01-24 18:16:15,2017-01-24 18:28:40,1,1.77,1,N,229,263,1,10,1,0.5,1.5,0,0.3,13.3
2,2017-01-24 18:44:52,2017-01-24 18:50:33,1,1.02,1,N,140,263,2,6,1,0.5,0,0,0.3,7.8
2,2017-01-24 19:13:00,2017-01-24 19:45:26,2,7.33,1,N,162,33,2,25.5,1,0.5,0,0,0.3,27.3
1,2017-01-24 19:41:08,2017-01-24 19:48:52,1,1.10,1,N,7,7,1,7,1,0.5,1,0,0.3,9.8
1,2017-01-24 20:09:20,2017-01-24 20:14:13,1,1.00,1,N,161,107,1,5.5,0.5,0.5,2,0,0.3,8.8
2,2017-01-24 20:38:24,2017-01-24 20:56:24,3,1.79,1,N,161,142,1,12,0.5,0.5,2.66,0,0.3,15.96
2,2017-01-24 21:07:54,2017-01-24 21:23:12,1,5.19,1,N,170,256,2,17,0.5,0.5,0,0,0.3,18.3
2,2017-01-24 21:39:11,2017-01-24 21:53:14,5,1.94,1,N,107,246,1,11,0.5,0.5,1,0,0.3,13.3
1,2017-01-24 22:13:07,2017-01-24 22:25:03,2,2.00,1,N,79,170,1,10,0.5,0.5,2.25,0,0.3,13.55
2,2017-01-24 22:51:14,2017-01-24 23:03:15,1,2.17,1,N,142,262,2,10.5,0.5,0.5,0,0,0.3,11.8
1,2017-01-24 23:41:27,2017-01-24 23:47:40,1,.80,1,N,237,163,2,6,0.5,0.5,0,0,0.3,7.3
1,2017-01-25 01:02:24,2017-01-25 01:22:21,1,4.50,1,N,48,7,1,17.5,0.5,0.5,4.7,0,0.3,23.5
2,2017-01-25 05:23:47,2017-01-25 05:33:56,5,2.87,1,N,234,239,1,11,0.5,0.5,2.46,0,0.3,14.76
1,2017-01-25 06:52:42,2017-01-25 07:02:37,1,2.20,1,N,113,170,2,9,0,0.5,0,0,0.3,9.8
2,2017-01-25 07:35:16,2017-01-25 08:11:27,2,8.91,1,N,138,164,1,30,0,0.5,9.08,5.54,0.3,45.42
2,2017-01-25 08:07:44,2017-01-25 08:11:29,1,.48,1,N,236,236,1,4.5,0,0.5,0.8,0,0.3,6.1
2,2017-01-25 08:39:13,2017-01-25 08:52:19,1,1.58,1,N,186,107,1,9.5,0,0.5,1,0,0.3,11.3
1,2017-01-25 09:11:09,2017-01-25 09:34:17,1,4.20,1,N,137,75,1,18,0,0.5,5.6,0,0.3,24.4
1,2017-01-25 09:46:19,2017-01-25 09:59:39,1,1.00,1,N,249,144,1,9.5,0,0.5,2.55,0,0.3,12.85
2,2017-01-29 06:23:49,2017-01-29 06:28:44,2,.85,1,N,114,125,1,5.5,0,0.5,1.26,0,0.3,7.56
2,2017-01-25 10:27:41,2017-01-25 10:34:40,1,.61,1,N,164,162,2,6,0,0.5,0,0,0.3,6.8
2,2017-01-25 11:08:37,2017-01-25 11:30:12,1,2.15,1,N,48,237,2,14,0,0.5,0,0,0.3,14.8
1,2017-01-25 11:48:56,2017-01-25 12:13:04,1,2.70,1,N,161,79,1,14.5,0,0.5,4.55,0,0.3,19.85
2,2017-01-25 12:26:17,2017-01-25 12:39:46,1,1.39,1,N,100,163,1,9.5,0,0.5,2.06,0,0.3,12.36
2,2017-01-25 13:02:36,2017-01-25 13:16:26,2,1.86,1,N,231,113,1,10,0,0.5,1.5,0,0.3,12.3
2,2017-01-25 13:36:36,2017-01-25 13:54:33,1,1.68,1,N,211,87,1,12,0,0.5,0,0,0.3,12.8
1,2017-01-25 14:12:36,2017-01-25 14:30:43,1,1.60,1,N,163,164,1,12,0,0.5,2.55,0,0.3,15.35
2,2017-01-25 14:47:59,2017-01-25 15:02:40,2,1.66,1,N,68,90,2,9.5,0,0.5,0,0,0.3,10.3
2,2017-01-25 15:22:10,2017-01-25 15:29:35,2,1.23,1,N,238,142,1,7,0,0.5,1.56,0,0.3,9.36
1,2017-01-25 15:57:58,2017-01-25 16:07:49,1,1.50,1,N,161,186,1,8,1,0.5,1.95,0,0.3,11.75
1,2017-01-25 16:37:12,2017-01-25 16:50:38,2,.60,1,N,141,141,2,9,1,0.5,0,0,0.3,10.8
1,2017-01-25 17:16:00,2017-01-25 17:40:04,1,9.80,1,N,65,138,1,27.5,1,0.5,6,0,0.3,35.3
1,2017-01-25 17:49:37,2017-01-25 17:53:51,1,.50,1,N,113,113,2,4.5,1,0.5,0,0,0.3,6.3
2,2017-01-25 18:19:00,2017-01-25 18:33:27,1,2.29,1,N,158,50,1,12,1,0.5,2.76,0,0.3,16.56
2,2017-01-29 08:15:43,2017-01-29 08:21:30,2,1.20,1,N,151,239,1,6.5,0,0.5,1.46,0,0.3,8.76
1,2017-01-25 18:49:14,2017-01-25 18:57:37,1,1.00,1,N,234,233,1,7,1,0.5,0.8,0,0.3,9.6
1,2017-01-25 19:16:07,2017-01-25 19:43:16,1,4.00,1,N,158,66,1,19.5,1,0.5,5.3,0,0.3,26.6
1,2017-01-25 19:44:40,2017-01-25 19:48:15,1,.40,1,N,236,236,1,4.5,1,0.5,1.25,0,0.3,7.55
2,2017-01-25 20:14:01,2017-01-25 20:22:41,1,2.41,1,N,141,75,1,9,0.5,0.5,1,0,0.3,11.3
2,2017-01-25 20:44:35,2017-01-25 20:48:01,4,.86,1,N,79,107,1,5,0.5,0.5,1,0,0.3,7.3
1,2017-01-25 21:15:16,2017-01-25 21:19:02,1,1.40,1,N,141,75,1,6,0.5,0.5,1.45,0,0.3,8.75
1,2017-01-25 21:45:53,2017-01-25 21:49:18,2,.80,1,N,229,170,1,4.5,0.5,0.5,1.15,0,0.3,6.95
1,2017-01-25 22:16:08,2017-01-25 22:24:42,1,1.90,1,N,239,237,1,8.5,0.5,0.5,1.95,0,0.3,11.75
1,2017-01-25 22:48:05,2017-01-25 22:54:29,1,1.70,1,N,166,239,1,7.5,0.5,0.5,1.75,0,0.3,10.55
1,2017-01-25 23:25:36,2017-01-25 23:44:59,5,4.00,1,N,148,163,2,16,0.5,0.5,0,0,0.3,17.3
1,2017-01-26 00:18:23,2017-01-26 00:34:54,1,8.10,1,N,264,264,1,24.5,0.5,0.5,5.16,0,0.3,30.96
1,2017-01-26 01:58:07,2017-01-26 02:22:54,1,6.80,1,N,249,61,2,23,0.5,0.5,0,0,0.3,24.3
2,2017-01-26 05:49:53,2017-01-26 06:03:05,2,2.34,1,N,229,90,1,11,0.5,0.5,2.46,0,0.3,14.76
2,2017-01-29 09:35:38,2017-01-29 09:38:11,6,.40,1,N,107,79,1,4,0,0.5,0.75,0,0.3,5.55
1,2017-01-26 07:04:08,2017-01-26 07:08:30,1,.70,1,N,164,137,2,5,0,0.5,0,0,0.3,5.8
1,2017-01-26 07:43:23,2017-01-26 07:57:25,1,2.40,1,N,79,186,2,11.5,0,0.5,0,0,0.3,12.3
2,2017-01-26 08:15:23,2017-01-26 08:25:26,1,1.49,1,N,166,239,2,8.5,0,0.5,0,0,0.3,9.3
2,2017-01-26 08:43:40,2017-01-26 08:59:23,1,.87,1,N,229,230,1,10.5,0,0.5,1,0,0.3,12.3
1,2017-01-29 15:30:05,2017-01-29 15:37:17,1,.90,1,N,142,163,2,6.5,0,0.5,0,0,0.3,7.3
2,2017-01-26 09:16:27,2017-01-26 09:25:58,2,1.17,1,N,161,234,1,8,0,0.5,2.2,0,0.3,11
2,2017-01-26 09:48:32,2017-01-26 10:19:15,1,3.87,1,N,151,233,1,20.5,0,0.5,6.39,0,0.3,27.69
2,2017-01-26 10:26:13,2017-01-26 10:40:23,1,.88,1,N,186,246,1,9.5,0,0.5,2.06,0,0.3,12.36
2,2017-01-26 11:06:34,2017-01-26 11:18:19,1,1.97,1,N,239,163,1,10,0,0.5,0,0,0.3,10.8
2,2017-01-26 11:47:15,2017-01-26 11:49:53,1,.58,1,N,161,164,2,4,0,0.5,0,0,0.3,4.8
1,2017-01-26 12:24:50,2017-01-26 12:43:43,1,5.60,1,N,229,88,1,20,0,0.5,4.15,0,0.3,24.95
1,2017-01-26 13:04:54,2017-01-26 13:09:27,1,.60,1,N,143,142,1,5,0,0.5,1.16,0,0.3,6.96
2,2017-01-26 13:44:59,2017-01-26 14:15:37,1,6.66,1,N,107,25,1,25.5,0,0.5,5.26,0,0.3,31.56
1,2017-01-26 14:22:07,2017-01-26 14:32:29,1,.80,1,N,151,238,2,7,0,0.5,0,0,0.3,7.8
2,2017-01-26 14:56:39,2017-01-26 15:04:32,1,1.18,1,N,161,186,1,7,0,0.5,1,0,0.3,8.8
2,2017-01-26 15:29:57,2017-01-26 16:24:37,2,13.74,2,N,162,132,2,52,0,0.5,0,0,0.3,52.8
2,2017-01-26 16:06:08,2017-01-26 16:25:51,1,2.41,1,N,114,88,1,13.5,1,0.5,3.82,0,0.3,19.12
2,2017-01-26 16:44:38,2017-01-26 17:00:44,1,2.77,1,N,170,163,2,11.5,1,0.5,0,0,0.3,13.3
2,2017-01-26 17:21:45,2017-01-26 17:30:05,1,.77,1,N,234,107,1,7,1,0.5,1.76,0,0.3,10.56
2,2017-01-26 17:53:32,2017-01-26 18:18:43,1,3.41,1,N,231,246,2,18,1,0.5,0,0,0.3,19.8
2,2017-01-26 18:22:11,2017-01-26 18:32:19,3,.65,1,N,234,234,1,7.5,1,0.5,1.86,0,0.3,11.16
1,2017-01-26 18:49:26,2017-01-26 19:04:55,1,1.00,1,N,170,186,1,10.5,1,0.5,2.45,0,0.3,14.75
2,2017-01-26 19:15:43,2017-01-26 19:30:26,1,2.11,1,N,263,161,1,11,1,0.5,3.2,0,0.3,16
1,2017-01-26 19:42:49,2017-01-26 19:55:30,1,.80,1,N,137,234,1,9,1,0.5,1.25,0,0.3,12.05
2,2017-01-26 20:10:06,2017-01-26 20:19:45,1,2.59,1,N,13,232,1,10,0.5,0.5,2.26,0,0.3,13.56
2,2017-01-26 20:37:21,2017-01-26 20:41:19,1,1.01,1,N,97,49,2,5,0.5,0.5,0,0,0.3,6.3
1,2017-01-26 21:04:18,2017-01-26 21:19:57,1,1.40,1,N,90,79,2,11,0.5,0.5,0,0,0.3,12.3
2,2017-01-26 21:31:16,2017-01-26 21:35:13,1,.94,1,N,239,236,1,5.5,0.5,0.5,1.36,0,0.3,8.16
2,2017-01-26 21:58:28,2017-01-26 22:11:47,5,3.00,1,N,62,225,1,12.5,0.5,0.5,2.76,0,0.3,16.56
1,2017-01-26 22:26:06,2017-01-26 22:47:13,1,4.60,1,N,236,79,1,17.5,0.5,0.5,3.75,0,0.3,22.55
2,2017-01-26 22:55:37,2017-01-26 23:03:04,1,1.00,1,N,234,79,1,6.5,0.5,0.5,1.56,0,0.3,9.36
2,2017-01-26 23:28:27,2017-01-26 23:43:15,1,1.83,1,N,68,211,1,10.5,0.5,0.5,1,0,0.3,12.8
1,2017-01-27 00:09:44,2017-01-27 00:33:39,2,11.30,1,N,217,134,1,33.5,0.5,0.5,8.7,0,0.3,43.5
2,2017-01-27 01:06:13,2017-01-27 01:18:44,2,2.80,1,N,162,249,1,11.5,0.5,0.5,2.56,0,0.3,15.36
2,2017-01-27 02:45:41,2017-01-27 02:52:54,1,1.87,1,N,141,236,1,8,0.5,0.5,1,0,0.3,10.3
2,2017-01-27 05:57:04,2017-01-27 06:01:43,1,.71,1,N,232,144,1,5,0.5,0.5,1.26,0,0.3,7.56
2,2017-01-27 07:04:10,2017-01-27 07:11:00,1,1.41,1,N,125,13,1,7.5,0,0.5,1.66,0,0.3,9.96
2,2017-01-27 07:43:27,2017-01-27 07:55:10,1,1.72,1,N,246,230,1,9.5,0,0.5,2.06,0,0.3,12.36
2,2017-01-27 08:15:33,2017-01-27 08:38:18,2,5.13,1,N,68,151,1,20.5,0,0.5,4.26,0,0.3,25.56
2,2017-01-27 08:46:47,2017-01-27 08:53:42,5,1.09,1,N,163,161,1,6.5,0,0.5,2.19,0,0.3,9.49
1,2017-01-27 09:18:39,2017-01-27 09:28:58,1,1.90,1,Y,239,236,1,9.5,0,0.5,2.05,0,0.3,12.35
1,2017-01-29 15:49:58,2017-01-29 15:53:44,1,.90,1,N,145,112,1,5.5,0,0.5,0,0,0.3,6.3
2,2017-01-27 09:56:24,2017-01-27 10:30:14,6,10.91,1,N,138,162,1,34,0,0.5,8.07,5.54,0.3,48.41
2,2017-01-27 10:35:36,2017-01-27 10:44:59,6,1.06,1,N,230,186,1,7.5,0,0.5,2.08,0,0.3,10.38
2,2017-01-27 11:14:29,2017-01-27 11:21:50,1,.55,1,N,141,237,2,6,0,0.5,0,0,0.3,6.8
1,2017-01-27 11:51:48,2017-01-27 11:58:09,1,.80,1,N,148,79,1,6,0,0.5,1.35,0,0.3,8.15
1,2017-01-27 12:27:32,2017-01-27 12:37:53,1,1.50,1,N,161,141,2,8.5,0,0.5,0,0,0.3,9.3
1,2017-01-27 13:03:46,2017-01-27 13:15:27,2,1.30,1,N,237,163,2,9,0,0.5,0,0,0.3,9.8
1,2017-01-27 13:38:26,2017-01-27 13:50:10,2,1.50,1,N,246,230,1,9,0,0.5,2.45,0,0.3,12.25
2,2017-01-27 14:11:08,2017-01-27 14:13:43,1,.41,1,N,142,163,2,3.5,0,0.5,0,0,0.3,4.3
1,2017-01-27 14:42:24,2017-01-27 14:53:13,1,1.20,1,N,142,161,2,8.5,0,0.5,0,0,0.3,9.3
1,2017-01-27 15:13:40,2017-01-27 15:19:05,1,.80,1,N,144,79,2,5.5,0,0.5,0,0,0.3,6.3
2,2017-01-27 15:46:36,2017-01-27 15:53:58,1,.52,1,N,140,141,1,6,0,0.5,1,0,0.3,7.8
1,2017-01-27 16:21:59,2017-01-27 16:49:07,2,2.90,1,N,107,237,1,17.5,1,0.5,4.8,0,0.3,24.1
1,2017-01-27 16:59:19,2017-01-27 17:00:33,1,.20,1,N,236,237,2,3,1,0.5,0,0,0.3,4.8
1,2017-01-29 10:37:51,2017-01-29 10:55:18,2,4.90,1,N,163,13,1,17.5,0,0.5,1.5,0,0.3,19.8
2,2017-01-27 17:35:21,2017-01-27 17:40:33,6,.91,1,N,238,151,2,5.5,1,0.5,0,0,0.3,7.3
2,2017-01-27 18:03:58,2017-01-27 19:01:22,1,18.69,2,N,163,132,1,52,4.5,0.5,11.46,0,0.3,68.76
1,2017-01-27 18:30:10,2017-01-27 18:35:08,1,.50,1,N,170,164,1,5,1,0.5,1,0,0.3,7.8
2,2017-01-27 18:55:12,2017-01-27 19:12:43,1,1.82,1,N,163,170,1,11.5,1,0.5,2,0,0.3,15.3
1,2017-01-27 19:19:28,2017-01-27 19:28:53,1,1.30,1,N,88,45,1,8,1,0.5,1.95,0,0.3,11.75
2,2017-01-27 19:44:07,2017-01-27 19:46:57,2,.31,1,N,264,264,2,4,1,0.5,0,0,0.3,5.8
2,2017-01-27 20:10:56,2017-01-27 20:25:17,1,1.73,1,N,143,48,1,10.5,0.5,0.5,2.36,0,0.3,14.16
2,2017-01-27 20:39:07,2017-01-27 20:49:40,5,1.59,1,N,234,230,2,8.5,0.5,0.5,0,0,0.3,9.8
1,2017-01-27 21:08:41,2017-01-27 21:20:52,1,1.70,1,N,163,140,1,9.5,0.5,0.5,2.15,0,0.3,12.95
1,2017-01-27 21:38:19,2017-01-27 21:49:21,1,2.30,1,N,162,140,1,10,0.5,0.5,2.26,0,0.3,13.56
2,2017-01-27 22:07:11,2017-01-27 22:15:31,1,.94,1,N,162,186,2,7,0.5,0.5,0,0,0.3,8.3
1,2017-01-27 22:34:37,2017-01-27 22:44:04,1,1.70,1,N,151,143,1,9,0.5,0.5,2.55,0,0.3,12.85
2,2017-01-27 23:02:12,2017-01-27 23:18:41,2,3.68,5,N,79,265,1,38,0,0.5,10.26,12.5,0.3,61.56
1,2017-01-27 23:31:03,2017-01-28 00:04:09,2,6.50,1,N,48,42,1,26.5,0.5,0.5,5.55,0,0.3,33.35
2,2017-01-28 00:00:46,2017-01-28 00:10:25,1,1.21,1,N,249,114,1,8,0.5,0.5,1,0,0.3,10.3
1,2017-01-28 00:31:24,2017-01-28 00:46:37,1,2.20,1,N,158,148,1,11.5,0.5,0.5,2,0,0.3,14.8
2,2017-01-28 01:05:05,2017-01-28 01:11:55,1,1.70,1,N,100,113,1,7.5,0.5,0.5,1.76,0,0.3,10.56
2,2017-01-28 01:41:52,2017-01-28 02:06:44,1,5.22,1,N,114,17,2,20,0.5,0.5,0,0,0.3,21.3
2,2017-01-28 02:21:50,2017-01-28 02:40:50,1,7.60,1,N,229,160,1,23.5,0.5,0.5,6.2,0,0.3,31
2,2017-01-28 03:09:46,2017-01-28 03:19:46,1,2.87,1,N,230,236,1,10.5,0.5,0.5,2.36,0,0.3,14.16
2,2017-01-28 04:14:20,2017-01-28 04:24:36,5,2.25,1,N,144,164,1,9.5,0.5,0.5,2.7,0,0.3,13.5
2,2017-01-28 06:53:04,2017-01-28 07:26:24,3,18.67,2,N,132,144,2,52,0,0.5,0,0,0.3,52.8
2,2017-01-28 08:31:40,2017-01-28 08:47:25,1,9.50,1,N,87,67,1,27,0,0.5,5.56,0,0.3,33.36
1,2017-01-28 09:27:32,2017-01-28 09:43:05,1,6.00,1,N,261,161,1,19,0,0.5,3.95,0,0.3,23.75
2,2017-01-28 10:09:11,2017-01-28 10:31:04,3,3.38,1,N,143,262,1,16.5,0,0.5,2.6,0,0.3,19.9
1,2017-01-28 10:47:47,2017-01-28 10:49:15,2,.50,1,N,262,263,1,3.5,0,0.5,0.85,0,0.3,5.15
2,2017-01-28 11:24:09,2017-01-28 11:29:58,5,.68,1,N,262,141,2,5.5,0,0.5,0,0,0.3,6.3
2,2017-01-28 11:57:40,2017-01-28 12:12:08,2,1.92,1,N,162,246,2,10.5,0,0.5,0,0,0.3,11.3
2,2017-01-28 12:29:52,2017-01-28 12:46:48,1,3.20,1,N,68,239,1,14.5,0,0.5,1.53,0,0.3,16.83
1,2017-01-28 13:00:37,2017-01-28 13:11:24,1,6.50,1,N,138,95,1,19.5,0,0.5,4,0,0.3,24.3
2,2017-01-28 13:30:29,2017-01-28 13:39:31,1,.53,1,N,163,230,1,7,0,0.5,1.56,0,0.3,9.36
2,2017-01-28 14:00:48,2017-01-28 14:03:45,5,.53,1,N,236,236,1,4,0,0.5,1.2,0,0.3,6
2,2017-01-28 14:32:16,2017-01-28 14:41:29,4,2.38,1,N,13,68,2,10,0,0.5,0,0,0.3,10.8
1,2017-01-28 15:02:57,2017-01-28 15:26:36,1,1.90,1,N,249,137,1,15,0,0.5,3.15,0,0.3,18.95
1,2017-01-29 11:18:08,2017-01-29 11:28:42,1,2.20,1,N,264,264,1,9.5,0,0.5,2.5,0,0.3,12.8
1,2017-01-28 15:37:57,2017-01-28 15:42:36,1,.60,1,N,238,239,2,5,0,0.5,0,0,0.3,5.8
1,2017-01-28 16:09:38,2017-01-28 16:11:01,1,.20,1,N,231,13,2,3,0,0.5,0,0,0.3,3.8
2,2017-01-28 16:42:39,2017-01-28 16:49:25,5,1.22,1,N,107,233,1,6.5,0,0.5,0,0,0.3,7.3
1,2017-01-28 17:16:11,2017-01-28 17:19:55,3,.40,1,N,239,143,1,4.5,0,0.5,1.05,0,0.3,6.35
2,2017-01-28 17:47:29,2017-01-28 18:10:59,2,3.37,1,N,234,43,2,17,0,0.5,0,0,0.3,17.8
1,2017-01-29 11:36:34,2017-01-29 11:41:35,1,.60,1,N,264,264,1,5,0,0.5,0,0,0.3,5.8
2,2017-01-28 18:18:42,2017-01-28 18:33:06,1,2.34,1,N,237,75,1,12,0,0.5,1,0,0.3,13.8
1,2017-01-29 12:27:21,2017-01-29 12:56:51,2,5.80,1,N,262,231,1,22.5,0,0.5,3,0,0.3,26.3
1,2017-01-28 18:48:38,2017-01-28 18:53:29,1,.80,1,N,141,141,2,5.5,0,0.5,0,0,0.3,6.3
1,2017-01-29 13:02:08,2017-01-29 13:19:14,1,7.70,1,N,13,141,1,23.5,0,0.5,4.85,0,0.3,29.15
2,2017-01-29 13:19:17,2017-01-29 13:33:20,1,1.88,1,N,162,186,2,10.5,0,0.5,0,0,0.3,11.3
2,2017-01-29 13:47:33,2017-01-29 14:12:46,1,5.13,1,N,50,13,2,21,0,0.5,0,0,0.3,21.8
2,2017-01-29 14:12:20,2017-01-29 14:17:34,1,1.61,1,N,229,262,1,6.5,0,0.5,3,0,0.3,10.3
1,2017-01-28 19:24:21,2017-01-28 19:31:53,1,2.30,1,N,233,262,1,8.5,0,0.5,1.85,0,0.3,11.15
1,2017-01-28 19:51:23,2017-01-28 20:02:45,1,3.60,1,N,209,107,1,12.5,0,0.5,3.3,0,0.3,16.6
1,2017-01-28 20:22:51,2017-01-28 20:38:20,2,3.30,1,N,145,260,1,13.5,0.5,0.5,2.95,0,0.3,17.75
1,2017-01-28 20:55:36,2017-01-28 21:06:31,1,2.50,1,N,262,163,1,11,0.5,0.5,2.45,0,0.3,14.75
2,2017-01-28 21:29:20,2017-01-28 21:49:32,5,1.90,1,N,79,186,2,13.5,0.5,0.5,0,0,0.3,14.8
1,2017-01-28 22:00:57,2017-01-28 22:11:42,4,1.20,1,N,230,162,1,8.5,0.5,0.5,1.95,0,0.3,11.75
1,2017-01-28 22:30:50,2017-01-28 22:31:28,1,.30,1,N,263,263,1,3,0.5,0.5,1,0,0.3,5.3
2,2017-01-28 22:59:23,2017-01-28 23:09:37,1,2.93,1,N,236,166,1,10.5,0.5,0.5,2.36,0,0.3,14.16
2,2017-01-28 23:27:34,2017-01-28 23:39:26,1,1.70,1,N,234,100,1,9.5,0.5,0.5,3.24,0,0.3,14.04
1,2017-01-28 23:55:55,2017-01-29 00:16:15,1,4.70,1,N,170,74,1,17.5,0.5,0.5,2,0,0.3,20.8
1,2017-01-29 00:25:38,2017-01-29 00:55:20,1,7.10,1,N,68,7,1,25,0.5,0.5,5.25,0,0.3,31.55
1,2017-01-29 00:56:21,2017-01-29 01:11:25,1,2.00,1,N,79,87,1,11.5,0.5,0.5,2.55,0,0.3,15.35
1,2017-01-29 01:27:41,2017-01-29 01:41:10,1,1.70,1,N,114,209,2,10.5,0.5,0.5,0,0,0.3,11.8
1,2017-01-16 15:09:58,2017-01-16 15:20:04,1,1.80,1,N,45,125,2,9.5,0,0.5,0,0,0.3,10.3
2,2017-01-22 11:27:03,2017-01-22 11:36:56,6,1.67,1,N,164,249,1,8.5,0,0.5,1,0,0.3,10.3
2,2017-01-22 12:07:21,2017-01-22 12:16:10,1,1.98,1,N,237,239,1,8.5,0,0.5,1.86,0,0.3,11.16
1,2017-01-22 12:44:52,2017-01-22 13:03:13,1,7.80,1,N,138,42,2,23,0,0.5,0,5.54,0.3,29.34
1,2017-01-22 13:21:21,2017-01-22 13:24:58,1,.50,1,N,50,48,2,4.5,0,0.5,0,0,0.3,5.3
1,2017-01-22 13:57:13,2017-01-22 14:14:37,1,4.60,1,N,239,158,1,17,0,0.5,1,0,0.3,18.8
2,2017-01-23 01:14:22,2017-01-23 01:24:12,1,2.85,1,N,113,230,2,10.5,0.5,0.5,0,0,0.3,11.8
1,2017-01-22 14:33:55,2017-01-22 14:38:18,1,.40,1,N,107,234,1,5,0,0.5,1.15,0,0.3,6.95
2,2017-01-23 05:00:39,2017-01-23 05:32:27,3,11.60,1,N,143,138,1,37,0.5,0.5,7.66,0,0.3,45.96
2,2017-01-22 15:10:37,2017-01-22 15:28:16,1,1.36,1,N,249,211,1,11.5,0,0.5,2.2,0,0.3,14.5
1,2017-01-22 15:43:35,2017-01-22 15:50:32,1,.80,1,N,161,229,2,6,0,0.5,0,0,0.3,6.8
2,2017-01-22 16:14:17,2017-01-22 16:20:14,1,.97,1,N,79,107,2,6,0,0.5,0,0,0.3,6.8
2,2017-01-22 16:47:52,2017-01-22 16:54:30,1,1.33,1,N,239,48,1,7,0,0.5,1.56,0,0.3,9.36
1,2017-01-22 17:26:35,2017-01-22 17:38:52,4,2.00,1,N,236,161,2,10,0,0.5,0,0,0.3,10.8
2,2017-01-22 18:05:51,2017-01-22 18:10:16,2,.77,1,N,113,79,1,5,0,0.5,1.74,0,0.3,7.54
2,2017-01-22 18:45:21,2017-01-22 19:05:41,1,6.01,1,N,231,141,1,21,0,0.5,3.27,0,0.3,25.07
2,2017-01-22 19:28:36,2017-01-22 19:38:32,6,2.38,1,N,238,230,1,10,0,0.5,3.24,0,0.3,14.04
2,2017-01-22 20:17:57,2017-01-22 20:21:23,1,.53,1,N,162,229,1,4.5,0.5,0.5,1,0,0.3,6.8
2,2017-01-22 21:11:31,2017-01-22 21:33:45,1,4.99,1,N,249,189,1,19.5,0.5,0.5,4.16,0,0.3,24.96
1,2017-01-22 22:01:26,2017-01-22 22:10:51,2,1.70,1,N,262,239,1,9,0.5,0.5,1,0,0.3,11.3
1,2017-01-22 23:01:35,2017-01-22 23:07:59,2,1.80,1,N,238,142,2,8,0.5,0.5,0,0,0.3,9.3
2,2017-01-29 16:31:46,2017-01-29 16:38:38,5,1.01,1,N,263,141,1,6.5,0,0.5,1.46,0,0.3,8.76
2,2017-01-29 17:08:01,2017-01-29 17:26:27,1,2.81,1,N,4,186,1,14,0,0.5,3.7,0,0.3,18.5
2,2017-01-29 17:44:37,2017-01-29 17:50:33,5,.53,1,N,13,231,1,5.5,0,0.5,1.26,0,0.3,7.56
1,2017-01-29 18:18:43,2017-01-29 18:27:54,1,1.80,1,N,114,186,2,8,0,0.5,0,0,0.3,8.8
1,2017-01-29 18:53:26,2017-01-29 18:57:45,2,1.10,1,N,164,161,2,5.5,0,0.5,0,0,0.3,6.3
2,2017-01-29 19:32:10,2017-01-29 19:43:33,4,3.30,1,N,226,229,2,12.5,0,0.5,0,0,0.3,13.3
1,2017-01-29 20:17:19,2017-01-29 20:43:25,2,8.50,1,N,148,41,1,27,0.5,0.5,7.05,0,0.3,35.35
2,2017-01-29 21:05:42,2017-01-29 21:23:59,1,3.63,1,N,79,246,1,15,0.5,0.5,4.89,0,0.3,21.19
1,2017-01-29 21:57:14,2017-01-29 22:09:35,1,1.90,1,N,234,79,1,10,0.5,0.5,2.8,0,0.3,14.1
1,2017-01-29 22:57:48,2017-01-29 23:06:07,1,2.60,1,N,162,236,1,10,0.5,0.5,2,0,0.3,13.3
2,2017-01-30 00:27:28,2017-01-30 00:42:04,1,3.37,1,N,148,230,2,13,0.5,0.5,0,0,0.3,14.3
2,2017-01-30 04:28:02,2017-01-30 04:42:13,6,3.94,1,N,163,74,2,14,0.5,0.5,0,0,0.3,15.3
1,2017-01-30 06:43:58,2017-01-30 07:44:09,1,17.30,2,N,132,68,1,52,0,0.5,11.65,5.54,0.3,69.99
1,2017-01-30 07:30:11,2017-01-30 07:43:18,1,2.50,1,N,162,246,1,11.5,0,0.5,3.05,0,0.3,15.35
2,2017-01-30 08:05:15,2017-01-30 08:23:22,1,3.40,1,N,161,231,1,14.5,0,0.5,3.06,0,0.3,18.36
1,2017-01-30 08:39:17,2017-01-30 08:44:08,1,.50,1,N,237,237,1,5,0,0.5,1.15,0,0.3,6.95
2,2017-01-30 09:13:07,2017-01-30 09:22:57,1,.93,1,N,231,231,2,8,0,0.5,0,0,0.3,8.8
1,2017-01-30 09:52:09,2017-01-30 10:17:54,1,3.10,1,N,170,75,1,17.5,0,0.5,3.65,0,0.3,21.95
1,2017-01-30 10:36:52,2017-01-30 10:40:47,1,.40,1,N,236,236,1,4.5,0,0.5,0.79,0,0.3,6.09
1,2017-01-30 11:23:25,2017-01-30 11:29:04,1,.40,1,N,113,113,1,5,0,0.5,1.15,0,0.3,6.95
1,2017-01-30 12:06:35,2017-01-30 12:19:58,1,1.70,1,N,236,163,1,10.5,0,0.5,2,0,0.3,13.3
1,2017-01-30 12:49:01,2017-01-30 12:59:34,2,1.80,1,N,233,141,2,9,0,0.5,0,0,0.3,9.8
1,2017-01-30 13:34:28,2017-01-30 13:48:37,1,1.30,1,N,234,68,2,10,0,0.5,0,0,0.3,10.8
2,2017-01-30 14:15:36,2017-01-30 14:36:43,6,2.49,1,N,161,114,1,14.5,0,0.5,2,0,0.3,17.3
1,2017-01-30 14:53:48,2017-01-30 15:05:26,1,1.30,1,N,237,162,1,8.5,0,0.5,1,0,0.3,10.3
2,2017-01-30 15:30:24,2017-01-30 15:37:47,5,.75,1,N,230,48,2,6.5,0,0.5,0,0,0.3,7.3
1,2017-01-30 16:08:53,2017-01-30 16:47:32,1,17.60,3,N,230,1,1,66.5,1,0,17,17.2,0.3,102
1,2017-01-30 16:48:48,2017-01-30 16:56:04,1,1.00,1,N,236,237,1,7,1,0.5,1.75,0,0.3,10.55
1,2017-01-30 17:26:27,2017-01-30 17:37:34,1,1.30,1,N,162,141,1,8.5,1,0.5,2.05,0,0.3,12.35
1,2017-01-30 17:59:21,2017-01-30 18:13:16,1,2.00,1,N,163,238,1,11,1,0.5,2.55,0,0.3,15.35
1,2017-01-30 18:29:13,2017-01-30 18:39:44,1,1.50,1,N,161,141,1,8.5,1,0.5,2.05,0,0.3,12.35
1,2017-01-30 18:59:00,2017-01-30 19:14:27,1,2.10,1,N,246,113,1,11.5,1,0.5,2.65,0,0.3,15.95
2,2017-01-30 19:29:08,2017-01-30 19:44:01,1,5.42,1,N,231,239,1,18,1,0.5,4.95,0,0.3,24.75
1,2017-01-30 20:01:02,2017-01-30 20:04:31,1,.50,1,N,234,79,2,4.5,0.5,0.5,0,0,0.3,5.8
2,2017-01-30 20:34:36,2017-01-30 20:43:08,1,1.63,1,N,161,140,1,8,0.5,0.5,1.86,0,0.3,11.16
2,2017-01-30 21:09:05,2017-01-30 21:12:06,2,.90,1,N,263,236,1,5,0.5,0.5,1.26,0,0.3,7.56
2,2017-01-30 21:45:47,2017-01-30 21:58:56,1,1.97,1,N,48,162,1,10.5,0.5,0.5,2.95,0,0.3,14.75
1,2017-01-30 22:25:35,2017-01-30 22:33:08,2,2.20,1,N,68,163,2,8.5,0.5,0.5,0,0,0.3,9.8
2,2017-01-30 23:12:54,2017-01-30 23:40:13,2,6.83,1,N,48,231,2,24.5,0.5,0.5,0,0,0.3,25.8
1,2017-01-31 00:31:23,2017-01-31 00:48:05,1,4.20,1,N,249,25,1,16,0.5,0.5,3.45,0,0.3,20.75
2,2017-01-31 04:43:50,2017-01-31 04:52:21,1,4.16,1,N,87,137,1,13.5,0.5,0.5,1,0,0.3,15.8
1,2017-01-31 06:46:22,2017-01-31 06:46:25,1,.00,1,N,48,48,2,2.5,0,0.5,0,0,0.3,3.3
1,2017-01-31 07:29:44,2017-01-31 07:42:53,1,2.00,1,N,186,113,1,10,0,0.5,2.15,0,0.3,12.95
1,2017-01-31 08:02:51,2017-01-31 08:12:49,1,2.40,1,N,237,74,2,10,0,0.5,0,0,0.3,10.8
1,2017-01-31 08:34:32,2017-01-31 08:56:27,1,1.90,1,N,236,162,2,14,0,0.5,0,0,0.3,14.8
1,2017-01-31 09:05:55,2017-01-31 09:14:07,1,.50,1,Y,161,162,1,6.5,0,0.5,2.15,0,0.3,9.45
2,2017-01-31 09:40:32,2017-01-31 10:38:25,1,11.55,1,N,138,162,1,43.5,0,0.5,9.97,5.54,0.3,59.81
2,2017-01-31 10:16:04,2017-01-31 10:25:07,1,1.32,1,N,224,170,1,8,0,0.5,1.76,0,0.3,10.56
2,2017-01-31 10:53:31,2017-01-31 11:05:33,1,1.22,1,N,237,43,2,9,0,0.5,0,0,0.3,9.8
2,2017-01-31 11:34:09,2017-01-31 11:59:49,5,3.39,1,N,142,263,1,18.5,0,0.5,4.82,0,0.3,24.12
1,2017-01-31 12:14:28,2017-01-31 12:31:26,1,2.30,1,N,161,239,2,12,0,0.5,0,0,0.3,12.8
2,2017-01-31 12:54:11,2017-01-31 13:03:06,1,1.18,1,N,141,263,2,7.5,0,0.5,0,0,0.3,8.3
1,2017-01-31 13:34:21,2017-01-31 13:44:51,1,1.00,1,N,100,246,1,8,0,0.5,2,0,0.3,10.8
2,2017-01-31 14:11:43,2017-01-31 14:33:49,1,2.06,1,N,234,163,1,14,0,0.5,2.96,0,0.3,17.76
1,2017-01-31 14:48:35,2017-01-31 15:05:11,1,1.30,1,N,234,68,1,11,0,0.5,2,0,0.3,13.8
2,2017-01-31 15:24:48,2017-01-31 15:35:12,1,2.72,1,N,143,151,1,11.5,0,0.5,0,0,0.3,12.3
2,2017-01-31 16:03:55,2017-01-31 16:13:00,1,1.26,1,N,90,114,1,7.5,1,0.5,1.5,0,0.3,10.8
1,2017-01-31 16:45:19,2017-01-31 17:00:20,1,2.00,1,N,234,45,1,11,1,0.5,0.8,0,0.3,13.6
2,2017-01-31 17:23:36,2017-01-31 17:40:54,1,1.94,1,N,170,237,2,12.5,1,0.5,0,0,0.3,14.3
2,2017-01-31 17:56:24,2017-01-31 18:02:22,1,.98,1,N,237,141,1,6,1,0.5,1,0,0.3,8.8
2,2017-01-31 18:25:29,2017-01-31 18:28:00,1,.71,1,N,237,237,1,4,1,0.5,1.16,0,0.3,6.96
2,2017-01-31 18:53:28,2017-01-31 19:04:54,3,1.37,1,N,211,107,1,8.5,1,0.5,1.5,0,0.3,11.8
2,2017-01-31 19:22:29,2017-01-31 19:45:10,2,3.51,1,N,48,79,1,16,1,0.5,1,0,0.3,18.8
1,2017-01-31 19:53:27,2017-01-31 20:19:01,1,5.20,1,N,237,158,1,20.5,1,0.5,4.45,0,0.3,26.75
2,2017-01-31 20:24:24,2017-01-31 20:46:15,4,6.55,1,N,79,40,1,22,0.5,0.5,4.66,0,0.3,27.96
2,2017-01-31 20:55:35,2017-01-31 21:19:35,1,4.68,1,N,249,255,1,19.5,0.5,0.5,4.16,0,0.3,24.96
2,2017-01-31 21:26:53,2017-01-31 21:37:04,6,1.68,1,N,158,144,1,8.5,0.5,0.5,1,0,0.3,10.8
1,2017-01-31 21:56:27,2017-01-31 22:07:27,1,1.80,1,N,164,158,1,9.5,0.5,0.5,2.15,0,0.3,12.95
2,2017-01-31 22:27:34,2017-01-31 22:40:45,1,2.80,1,N,209,234,1,11.5,0.5,0.5,2.56,0,0.3,15.36
2,2017-01-31 23:06:10,2017-01-31 23:10:50,3,1.04,1,N,231,261,1,6,0.5,0.5,2.19,0,0.3,9.49
1,2017-01-31 23:59:18,2017-02-01 00:09:06,1,5.40,1,N,238,243,1,16.5,0.5,0.5,3.55,0,0.3,21.35
